-- MySQL dump 10.13  Distrib 8.0.23, for Linux (x86_64)
--
-- Host: localhost    Database: vk
-- ------------------------------------------------------
-- Server version	8.0.23-0ubuntu0.20.04.1

/*!40101 SET @OLD_CHARACTER_SET_CLIENT=@@CHARACTER_SET_CLIENT */;
/*!40101 SET @OLD_CHARACTER_SET_RESULTS=@@CHARACTER_SET_RESULTS */;
/*!40101 SET @OLD_COLLATION_CONNECTION=@@COLLATION_CONNECTION */;
/*!50503 SET NAMES utf8mb4 */;
/*!40103 SET @OLD_TIME_ZONE=@@TIME_ZONE */;
/*!40103 SET TIME_ZONE='+00:00' */;
/*!40014 SET @OLD_UNIQUE_CHECKS=@@UNIQUE_CHECKS, UNIQUE_CHECKS=0 */;
/*!40014 SET @OLD_FOREIGN_KEY_CHECKS=@@FOREIGN_KEY_CHECKS, FOREIGN_KEY_CHECKS=0 */;
/*!40101 SET @OLD_SQL_MODE=@@SQL_MODE, SQL_MODE='NO_AUTO_VALUE_ON_ZERO' */;
/*!40111 SET @OLD_SQL_NOTES=@@SQL_NOTES, SQL_NOTES=0 */;

--
-- Table structure for table `communities`
--

DROP TABLE IF EXISTS `communities`;
/*!40101 SET @saved_cs_client     = @@character_set_client */;
/*!50503 SET character_set_client = utf8mb4 */;
CREATE TABLE `communities` (
  `id` int unsigned NOT NULL AUTO_INCREMENT,
  `name` varchar(150) CHARACTER SET utf8mb4 COLLATE utf8mb4_unicode_ci NOT NULL,
  `created_at` datetime DEFAULT CURRENT_TIMESTAMP,
  `updated_at` datetime DEFAULT CURRENT_TIMESTAMP ON UPDATE CURRENT_TIMESTAMP,
  PRIMARY KEY (`id`),
  UNIQUE KEY `name` (`name`)
) ENGINE=InnoDB AUTO_INCREMENT=101 DEFAULT CHARSET=utf8mb4 COLLATE=utf8mb4_unicode_ci;
/*!40101 SET character_set_client = @saved_cs_client */;

--
-- Dumping data for table `communities`
--

LOCK TABLES `communities` WRITE;
/*!40000 ALTER TABLE `communities` DISABLE KEYS */;
INSERT INTO `communities` VALUES (1,'delectus','2015-07-21 00:47:47','2020-07-02 10:20:56'),(2,'qui','2020-01-17 05:08:35','2021-02-23 14:32:56'),(3,'dolor','2018-10-12 07:39:33','2021-02-23 14:32:56'),(4,'aliquid','2015-05-09 01:51:27','2017-05-07 23:07:21'),(5,'totam','2015-03-15 13:03:58','2021-02-23 14:32:56'),(6,'necessitatibus','2012-05-08 23:13:57','2021-02-23 14:32:56'),(7,'ut','2011-07-08 23:38:23','2014-04-21 23:58:29'),(8,'repellat','2011-04-10 02:32:49','2020-05-24 20:01:32'),(9,'libero','2016-05-12 09:39:45','2021-02-23 14:32:56'),(10,'est','2019-11-01 19:24:26','2021-02-23 14:32:56'),(11,'dolorem','2017-12-18 11:07:53','2021-02-23 14:32:56'),(12,'non','2020-10-14 01:02:11','2021-02-23 14:32:56'),(13,'eius','2014-11-30 13:38:01','2021-02-23 14:32:56'),(14,'voluptatem','2012-04-24 22:49:20','2016-09-23 15:34:03'),(15,'a','2019-02-23 19:42:09','2021-02-23 14:32:56'),(16,'ipsa','2015-12-04 02:23:55','2021-02-23 14:32:56'),(17,'iusto','2011-12-02 00:38:30','2016-02-28 17:08:41'),(18,'odit','2018-08-28 09:54:29','2021-02-23 14:32:56'),(19,'eveniet','2012-06-10 22:16:17','2014-01-09 03:09:30'),(20,'dolorum','2014-10-11 19:16:05','2020-02-13 01:40:22');
/*!40000 ALTER TABLE `communities` ENABLE KEYS */;
UNLOCK TABLES;

--
-- Table structure for table `communities_users`
--

DROP TABLE IF EXISTS `communities_users`;
/*!40101 SET @saved_cs_client     = @@character_set_client */;
/*!50503 SET character_set_client = utf8mb4 */;
CREATE TABLE `communities_users` (
  `community_id` int unsigned NOT NULL,
  `user_id` int unsigned NOT NULL,
  `created_at` datetime DEFAULT CURRENT_TIMESTAMP,
  PRIMARY KEY (`community_id`,`user_id`),
  KEY `communities_users_user_id_fk` (`user_id`),
  CONSTRAINT `communities_users_community_id_fk` FOREIGN KEY (`community_id`) REFERENCES `communities` (`id`) ON DELETE CASCADE,
  CONSTRAINT `communities_users_user_id_fk` FOREIGN KEY (`user_id`) REFERENCES `users` (`id`) ON DELETE CASCADE
) ENGINE=InnoDB DEFAULT CHARSET=utf8mb4 COLLATE=utf8mb4_unicode_ci;
/*!40101 SET character_set_client = @saved_cs_client */;

--
-- Dumping data for table `communities_users`
--

LOCK TABLES `communities_users` WRITE;
/*!40000 ALTER TABLE `communities_users` DISABLE KEYS */;
INSERT INTO `communities_users` VALUES (1,27,'2020-04-07 09:20:33'),(1,28,'2015-12-21 15:49:11'),(1,36,'2013-06-11 07:48:54'),(1,53,'2013-09-02 03:58:48'),(1,91,'2014-04-12 06:15:07'),(1,97,'2019-10-21 02:28:31'),(2,2,'2013-01-23 14:55:43'),(2,9,'2012-06-15 11:51:42'),(2,48,'2015-01-17 11:58:40'),(2,55,'2017-11-10 00:58:18'),(2,74,'2014-06-07 20:11:24'),(3,4,'2019-09-06 07:47:45'),(3,14,'2013-01-06 21:10:47'),(3,31,'2013-03-17 20:08:24'),(3,67,'2015-03-19 16:17:41'),(3,100,'2017-12-12 16:00:15'),(4,1,'2011-10-09 19:04:10'),(4,14,'2012-12-22 00:08:12'),(4,47,'2019-11-01 20:07:06'),(4,56,'2016-08-14 04:54:40'),(4,59,'2011-10-20 19:42:34'),(4,96,'2017-01-30 19:38:00'),(5,7,'2014-07-18 00:28:40'),(5,8,'2016-07-09 01:37:48'),(5,26,'2013-08-12 11:31:02'),(5,53,'2018-12-18 01:34:14'),(5,83,'2018-07-02 20:32:22'),(5,94,'2019-09-08 14:45:27'),(6,61,'2012-07-02 07:07:06'),(6,78,'2016-12-15 14:17:58'),(6,88,'2011-03-08 03:41:34'),(6,99,'2019-12-17 22:01:02'),(7,20,'2017-02-26 09:59:06'),(7,27,'2013-01-11 08:45:33'),(7,42,'2016-01-06 13:50:41'),(7,77,'2014-11-17 09:56:16'),(8,18,'2019-08-30 09:25:26'),(8,26,'2017-08-06 23:12:44'),(8,31,'2017-10-26 06:57:52'),(8,54,'2017-12-05 23:41:51'),(8,99,'2018-06-20 04:26:42'),(9,12,'2013-09-21 18:21:55'),(9,41,'2011-09-10 10:24:00'),(9,49,'2017-03-10 02:16:14'),(9,51,'2013-12-21 18:14:20'),(9,94,'2018-09-09 06:14:30'),(10,36,'2015-06-30 01:48:45'),(10,79,'2012-01-15 13:35:58'),(11,8,'2018-09-19 03:08:35'),(11,13,'2013-04-07 03:18:46'),(11,52,'2020-09-29 18:50:23'),(11,82,'2018-02-02 15:08:19'),(11,85,'2013-08-29 14:36:42'),(11,97,'2019-10-24 09:47:56'),(11,100,'2019-11-13 08:27:59'),(12,21,'2014-10-02 06:53:41'),(12,38,'2012-02-03 22:28:40'),(12,58,'2014-01-25 07:57:07'),(12,84,'2015-04-07 22:59:54'),(12,99,'2017-01-16 01:13:15'),(13,1,'2014-01-20 18:19:19'),(13,18,'2018-05-27 22:43:33'),(13,67,'2015-09-08 21:01:38'),(13,73,'2014-11-08 23:21:52'),(13,74,'2012-02-23 03:10:31'),(13,93,'2012-01-09 08:49:23'),(13,95,'2017-06-29 19:38:36'),(14,28,'2018-04-23 20:17:19'),(14,59,'2017-12-17 14:20:26'),(14,78,'2015-03-01 23:00:00'),(14,84,'2020-09-15 01:40:32'),(15,13,'2015-12-01 00:48:10'),(15,21,'2014-11-04 01:05:02'),(15,24,'2017-12-03 15:10:47'),(15,30,'2012-03-03 21:25:00'),(15,36,'2020-05-05 11:12:40'),(15,48,'2019-09-21 09:24:19'),(15,54,'2015-12-18 04:07:22'),(15,57,'2016-07-05 04:57:30'),(15,77,'2011-04-11 13:56:48'),(16,1,'2019-01-18 10:40:06'),(16,3,'2012-01-24 15:59:39'),(16,17,'2017-01-02 07:20:09'),(16,71,'2017-11-07 07:25:43'),(16,75,'2019-05-29 14:57:27'),(16,93,'2016-07-03 05:17:53'),(17,37,'2012-09-28 19:57:45'),(17,48,'2014-04-18 19:54:56'),(17,72,'2014-07-09 17:31:50'),(18,22,'2013-09-22 02:02:40'),(18,51,'2011-03-24 03:44:19'),(18,96,'2019-06-08 03:55:50'),(19,41,'2019-12-01 16:14:43'),(19,48,'2017-11-04 07:23:51'),(20,20,'2020-07-10 08:27:31'),(20,27,'2013-08-12 07:36:16'),(20,34,'2012-05-20 23:06:29'),(20,50,'2015-11-18 13:20:50');
/*!40000 ALTER TABLE `communities_users` ENABLE KEYS */;
UNLOCK TABLES;

--
-- Table structure for table `friendship_statuses`
--

DROP TABLE IF EXISTS `friendship_statuses`;
/*!40101 SET @saved_cs_client     = @@character_set_client */;
/*!50503 SET character_set_client = utf8mb4 */;
CREATE TABLE `friendship_statuses` (
  `id` int unsigned NOT NULL AUTO_INCREMENT,
  `name` varchar(150) CHARACTER SET utf8mb4 COLLATE utf8mb4_unicode_ci NOT NULL,
  `created_at` datetime DEFAULT CURRENT_TIMESTAMP,
  `updated_at` datetime DEFAULT CURRENT_TIMESTAMP ON UPDATE CURRENT_TIMESTAMP,
  PRIMARY KEY (`id`),
  UNIQUE KEY `name` (`name`)
) ENGINE=InnoDB AUTO_INCREMENT=5 DEFAULT CHARSET=utf8mb4 COLLATE=utf8mb4_unicode_ci;
/*!40101 SET character_set_client = @saved_cs_client */;

--
-- Dumping data for table `friendship_statuses`
--

LOCK TABLES `friendship_statuses` WRITE;
/*!40000 ALTER TABLE `friendship_statuses` DISABLE KEYS */;
INSERT INTO `friendship_statuses` VALUES (1,'cancelled','2015-02-23 14:33:50','2015-11-14 02:42:34'),(2,'declined','2017-11-29 09:53:10','2012-05-03 02:48:37'),(3,'accepted','2019-06-09 07:57:19','2016-09-11 09:55:57'),(4,'requested','2013-02-07 23:39:25','2017-04-03 23:37:36');
/*!40000 ALTER TABLE `friendship_statuses` ENABLE KEYS */;
UNLOCK TABLES;

--
-- Table structure for table `friendships`
--

DROP TABLE IF EXISTS `friendships`;
/*!40101 SET @saved_cs_client     = @@character_set_client */;
/*!50503 SET character_set_client = utf8mb4 */;
CREATE TABLE `friendships` (
  `user_id` int unsigned NOT NULL,
  `friend_id` int unsigned NOT NULL,
  `status_id` int unsigned NOT NULL,
  `requested_at` datetime DEFAULT CURRENT_TIMESTAMP,
  `confirmed_at` datetime DEFAULT NULL,
  `created_at` datetime DEFAULT CURRENT_TIMESTAMP,
  `updated_at` datetime DEFAULT CURRENT_TIMESTAMP ON UPDATE CURRENT_TIMESTAMP,
  PRIMARY KEY (`user_id`,`friend_id`),
  KEY `friendships_friend_id_fk` (`friend_id`),
  KEY `friendships_status_id_fk` (`status_id`),
  CONSTRAINT `friendships_friend_id_fk` FOREIGN KEY (`friend_id`) REFERENCES `users` (`id`) ON DELETE CASCADE,
  CONSTRAINT `friendships_status_id_fk` FOREIGN KEY (`status_id`) REFERENCES `friendship_statuses` (`id`) ON DELETE RESTRICT,
  CONSTRAINT `friendships_user_id_fk` FOREIGN KEY (`user_id`) REFERENCES `users` (`id`) ON DELETE CASCADE
) ENGINE=InnoDB DEFAULT CHARSET=utf8mb4 COLLATE=utf8mb4_unicode_ci;
/*!40101 SET character_set_client = @saved_cs_client */;

--
-- Dumping data for table `friendships`
--

LOCK TABLES `friendships` WRITE;
/*!40000 ALTER TABLE `friendships` DISABLE KEYS */;
INSERT INTO `friendships` VALUES (1,83,1,'2016-07-08 01:59:09','2014-08-05 10:29:34','2011-11-05 19:48:57','2021-02-23 14:22:21'),(2,10,3,'2016-09-29 08:37:23','2018-09-04 02:28:52','2017-06-29 23:13:00','2018-12-05 06:37:57'),(3,68,3,'2013-05-26 05:36:37','2020-10-28 13:28:56','2016-07-02 16:26:19','2021-02-23 14:22:21'),(4,55,4,'2015-10-22 12:42:12','2016-12-28 19:53:49','2012-09-13 09:05:32','2020-02-13 05:06:11'),(5,33,3,'2015-06-30 21:19:19','2019-07-15 07:22:16','2018-08-06 11:35:17','2021-02-23 14:22:21'),(6,58,1,'2020-02-25 04:44:32','2012-04-26 23:00:22','2021-01-09 00:02:19','2021-02-23 14:22:21'),(7,54,4,'2014-03-21 10:52:43','2015-02-08 03:07:13','2018-10-27 01:27:38','2021-02-23 14:22:21'),(8,25,3,'2012-09-20 09:42:47','2019-06-22 05:00:08','2019-07-29 00:51:43','2021-02-23 14:22:21'),(9,41,4,'2017-08-04 07:45:44','2020-10-29 18:33:04','2017-11-11 05:24:12','2021-02-23 14:22:21'),(10,54,1,'2015-05-28 17:59:44','2016-03-12 03:03:45','2020-07-14 06:46:23','2020-10-25 06:00:35'),(11,33,4,'2012-08-03 19:43:17','2014-08-16 23:59:28','2012-07-13 09:01:29','2014-05-28 03:37:43'),(12,35,4,'2015-11-27 09:22:46','2018-08-21 13:15:14','2018-01-20 02:25:34','2021-02-23 14:22:21'),(13,12,1,'2014-10-13 21:12:06','2015-05-20 21:44:05','2015-03-10 00:27:07','2015-08-21 22:18:02'),(14,83,1,'2018-03-25 06:26:34','2014-02-15 06:48:55','2018-08-04 03:47:29','2021-02-23 14:22:21'),(15,23,1,'2011-11-03 19:10:05','2020-11-17 17:02:53','2017-01-01 10:06:53','2021-02-23 14:22:21'),(16,78,1,'2014-08-18 15:19:39','2013-07-08 15:22:43','2013-07-15 16:05:57','2019-04-24 10:19:47'),(17,32,4,'2019-08-14 22:27:54','2015-04-12 00:18:48','2019-05-09 05:29:39','2021-02-23 14:22:21'),(18,72,4,'2011-10-14 03:52:41','2015-01-05 13:57:26','2018-07-02 19:58:25','2021-02-23 14:22:21'),(19,39,2,'2011-03-02 01:09:28','2016-11-08 22:43:08','2017-02-05 11:06:19','2021-02-23 14:22:21'),(20,78,3,'2015-07-19 18:35:04','2021-01-04 11:46:32','2018-12-29 00:13:49','2021-02-23 14:22:21'),(21,78,2,'2014-07-23 01:39:12','2012-11-03 04:56:20','2020-02-08 16:47:30','2021-02-23 14:22:21'),(22,89,2,'2014-04-05 23:25:28','2013-10-10 21:13:24','2014-02-19 15:39:08','2018-05-22 14:27:32'),(23,31,1,'2020-11-05 12:45:59','2020-04-05 14:02:07','2014-12-26 06:15:25','2021-02-23 14:22:21'),(24,94,3,'2020-01-27 04:20:50','2012-04-16 05:42:33','2011-03-06 05:04:57','2013-06-05 12:26:03'),(25,13,2,'2011-08-02 16:17:13','2015-05-08 16:27:28','2020-09-27 10:45:48','2021-02-23 14:22:21'),(26,86,2,'2018-09-14 09:58:53','2018-04-08 18:54:28','2018-10-07 00:24:16','2020-05-16 18:59:32'),(27,23,1,'2016-10-03 21:54:39','2020-11-23 22:45:54','2013-07-14 01:57:58','2017-11-14 02:33:28'),(28,45,2,'2014-01-29 06:43:56','2018-04-29 20:40:21','2011-12-10 12:18:20','2016-06-27 03:17:05'),(29,32,2,'2014-04-24 02:50:47','2015-10-18 02:22:53','2017-12-07 11:31:09','2019-01-12 22:49:24'),(30,49,3,'2015-04-07 15:24:01','2017-05-04 17:48:35','2014-07-09 04:57:53','2018-12-01 13:56:04'),(31,42,2,'2014-03-04 04:17:55','2019-05-25 04:01:22','2011-11-18 14:38:09','2016-12-28 21:15:05'),(32,59,3,'2014-07-10 08:32:03','2014-09-29 02:03:10','2012-07-06 03:14:52','2020-09-10 18:38:41'),(33,13,2,'2019-03-09 05:29:38','2018-04-27 20:06:15','2018-03-03 20:35:44','2021-02-23 14:22:21'),(34,73,3,'2014-09-22 21:05:34','2018-06-06 07:36:02','2019-01-11 06:29:27','2021-02-23 14:22:21'),(35,56,2,'2019-03-24 06:05:21','2020-03-10 14:19:05','2017-08-29 08:26:58','2020-12-09 23:03:02'),(36,23,2,'2017-01-22 20:13:42','2013-04-16 16:30:05','2011-04-27 02:39:13','2012-12-03 02:07:00'),(37,85,1,'2013-02-22 15:55:10','2019-03-30 07:12:40','2013-03-10 02:21:33','2021-02-23 14:22:21'),(38,65,1,'2018-04-03 15:25:39','2014-06-28 06:21:37','2015-11-24 07:19:26','2016-11-22 10:02:18'),(39,23,3,'2014-05-04 07:29:29','2014-04-21 08:21:57','2014-07-10 17:46:08','2019-01-15 02:51:22'),(40,87,2,'2015-11-17 03:11:46','2012-02-16 21:50:14','2020-11-11 15:32:35','2021-02-23 14:22:21'),(41,6,3,'2011-09-29 11:23:06','2015-07-22 08:18:00','2019-12-02 10:20:50','2021-02-23 14:22:21'),(42,80,2,'2014-11-16 04:29:45','2016-02-06 09:05:34','2016-02-13 03:06:12','2021-01-28 05:53:26'),(43,93,1,'2015-08-17 10:42:31','2016-01-03 12:30:51','2018-07-21 01:41:52','2020-02-28 00:52:22'),(44,62,1,'2011-09-08 07:30:23','2016-07-09 11:29:28','2015-07-15 22:35:16','2021-02-23 14:22:21'),(45,52,1,'2018-01-02 19:22:30','2017-10-10 05:31:18','2018-05-31 19:45:46','2021-02-23 14:22:21'),(46,78,4,'2012-04-03 00:02:49','2020-07-03 08:16:52','2019-03-20 06:18:24','2020-11-07 05:54:53'),(47,37,2,'2019-01-28 12:50:25','2017-03-23 14:46:31','2011-02-24 00:10:00','2016-09-23 10:00:15'),(48,67,2,'2014-02-18 01:28:02','2020-09-16 11:22:39','2020-12-09 21:59:12','2021-02-23 14:22:21'),(49,65,2,'2018-03-29 15:49:19','2019-12-30 15:14:13','2011-12-05 16:36:39','2017-12-22 00:59:43'),(50,1,1,'2017-10-06 23:59:53','2020-07-15 17:17:00','2011-12-31 14:25:45','2016-09-07 21:41:25'),(51,89,1,'2018-11-17 23:56:12','2020-01-04 06:01:26','2014-08-11 13:17:03','2019-11-25 04:31:52'),(52,54,3,'2020-04-22 02:36:07','2012-09-02 00:05:05','2015-06-18 13:45:40','2021-02-23 14:22:21'),(53,33,1,'2018-10-03 02:47:15','2015-05-28 08:35:32','2020-12-10 07:31:41','2021-02-23 14:22:21'),(54,89,3,'2017-07-29 15:41:17','2019-03-04 14:11:21','2020-07-15 15:17:01','2021-02-23 14:22:21'),(55,77,4,'2011-12-25 19:20:49','2011-07-23 09:38:51','2018-02-26 11:46:53','2018-03-02 12:15:49'),(56,91,4,'2019-02-22 15:10:35','2014-04-17 04:41:39','2018-08-05 07:12:29','2021-02-23 14:22:21'),(57,48,3,'2016-02-03 23:28:52','2011-11-14 04:33:08','2021-02-06 07:42:21','2021-02-23 14:22:21'),(58,10,2,'2011-04-26 18:24:03','2017-02-24 07:08:00','2018-09-13 07:50:38','2019-11-25 21:50:53'),(59,95,3,'2020-12-27 20:28:24','2015-05-31 08:24:05','2018-04-03 06:21:16','2021-02-23 14:22:21'),(60,65,2,'2014-09-05 20:02:53','2015-03-07 22:10:03','2011-08-23 11:31:05','2016-12-20 10:35:57'),(61,82,2,'2013-05-16 14:31:34','2013-01-31 21:54:31','2011-03-26 10:53:57','2012-11-27 15:26:55'),(62,39,1,'2011-09-29 07:22:37','2019-12-14 06:15:28','2016-05-14 06:15:09','2021-02-23 14:22:21'),(63,78,1,'2021-01-09 02:52:24','2013-12-21 00:56:39','2020-06-01 00:54:02','2021-02-23 14:22:21'),(64,67,2,'2015-03-18 07:39:09','2019-01-22 12:46:12','2013-02-28 16:55:43','2013-07-12 14:00:50'),(65,44,3,'2013-10-12 23:41:29','2018-06-08 00:42:55','2015-10-13 08:53:50','2021-02-23 14:22:21'),(66,62,2,'2020-09-17 23:19:03','2011-08-09 15:19:09','2019-08-12 22:39:59','2021-02-23 14:22:21'),(67,89,1,'2015-11-30 17:11:59','2016-01-29 16:09:30','2011-07-30 09:35:00','2018-09-21 04:14:28'),(68,6,1,'2011-11-25 14:30:15','2011-08-21 07:14:00','2013-04-05 04:02:37','2019-01-25 01:52:27'),(69,34,4,'2018-08-05 02:48:51','2019-12-26 20:19:05','2018-08-28 06:43:52','2021-02-23 14:22:21'),(70,77,1,'2014-04-18 09:36:22','2018-06-07 14:29:10','2016-11-18 04:37:01','2017-03-01 23:16:19'),(71,70,3,'2013-09-12 22:04:59','2011-07-03 07:58:14','2016-07-29 10:53:18','2021-02-23 14:22:21'),(72,92,1,'2015-09-11 08:31:49','2016-08-13 06:39:46','2012-02-25 03:25:27','2021-02-23 14:22:21'),(73,38,1,'2017-02-03 18:13:47','2014-09-10 14:45:54','2018-04-07 13:41:46','2021-02-23 14:22:21'),(74,58,2,'2018-04-08 10:29:41','2014-09-22 19:48:59','2017-06-08 15:33:22','2021-02-23 14:22:21'),(75,73,1,'2020-09-25 07:02:55','2018-07-12 02:55:12','2011-09-28 08:01:19','2021-02-23 14:22:21'),(76,77,3,'2016-03-03 00:29:04','2014-11-10 00:03:26','2013-10-11 16:22:23','2014-05-25 09:40:31'),(77,64,1,'2013-04-14 15:08:03','2015-10-23 09:40:18','2011-10-03 05:39:56','2019-05-19 03:23:21'),(78,73,2,'2020-09-04 13:32:37','2018-01-20 02:39:25','2018-06-01 20:58:08','2021-02-23 14:22:21'),(79,20,2,'2014-07-16 16:12:30','2012-04-29 16:19:10','2019-12-19 08:07:43','2021-02-23 14:22:21'),(80,83,3,'2019-06-22 00:14:36','2013-03-19 21:46:14','2013-07-13 23:27:02','2018-08-25 03:34:31'),(81,6,2,'2013-07-27 15:09:12','2017-09-19 01:46:33','2015-03-09 13:22:20','2019-03-29 15:33:03'),(82,95,4,'2017-12-02 03:05:40','2014-06-23 02:48:34','2015-09-01 19:18:38','2021-02-23 14:22:21'),(83,60,4,'2012-11-29 05:45:00','2020-09-02 00:38:04','2018-09-28 22:22:12','2019-07-06 09:44:46'),(84,16,4,'2017-03-29 18:21:40','2012-12-24 00:21:41','2016-01-30 12:10:59','2020-03-27 08:37:12'),(85,94,4,'2021-01-26 07:08:39','2020-02-14 21:29:49','2018-02-21 06:56:34','2019-10-24 19:16:39'),(86,3,3,'2012-04-12 01:22:14','2018-02-10 18:06:41','2020-03-28 08:08:51','2021-02-23 14:22:21'),(87,60,4,'2018-02-01 13:43:55','2018-10-20 14:03:57','2017-04-02 01:15:22','2019-10-22 08:45:09'),(88,81,4,'2014-12-02 05:36:45','2015-07-14 07:06:30','2016-10-15 15:51:47','2020-05-03 08:05:23'),(89,96,2,'2018-07-17 23:20:25','2014-03-23 06:08:09','2019-06-21 14:34:24','2021-02-23 14:22:21'),(90,29,3,'2015-05-23 05:19:59','2012-04-28 04:58:04','2014-12-15 21:08:03','2018-09-09 17:03:46'),(91,61,1,'2016-08-06 21:27:44','2015-02-14 23:37:57','2012-10-08 02:57:27','2021-02-23 14:22:21'),(92,23,1,'2011-05-28 19:07:48','2019-04-04 01:28:13','2017-08-05 15:57:53','2021-01-19 09:23:04'),(93,20,4,'2021-01-20 08:08:19','2019-02-25 17:29:00','2019-02-23 16:57:53','2021-02-23 14:22:21'),(94,66,2,'2016-02-16 08:16:37','2014-02-22 04:08:28','2017-06-29 19:27:23','2021-02-23 14:22:21'),(95,35,2,'2011-11-24 04:53:17','2019-06-18 10:07:53','2013-06-05 06:09:17','2015-06-13 05:09:27'),(96,1,2,'2018-02-06 10:01:27','2014-01-29 14:47:22','2012-07-02 00:22:07','2013-03-05 19:30:18'),(97,93,4,'2011-07-29 14:18:55','2014-11-18 21:35:47','2015-01-10 02:08:13','2017-01-09 15:36:18'),(98,35,3,'2014-11-25 11:19:44','2012-02-03 01:41:59','2013-03-14 08:52:17','2013-03-16 02:21:03'),(99,95,3,'2016-06-01 22:17:52','2014-07-06 08:43:48','2017-10-11 22:19:28','2018-10-07 07:53:31'),(100,45,4,'2018-06-27 02:01:11','2019-02-14 04:50:32','2020-10-29 00:23:56','2021-02-23 14:22:21');
/*!40000 ALTER TABLE `friendships` ENABLE KEYS */;
UNLOCK TABLES;

--
-- Table structure for table `item_types`
--

DROP TABLE IF EXISTS `item_types`;
/*!40101 SET @saved_cs_client     = @@character_set_client */;
/*!50503 SET character_set_client = utf8mb4 */;
CREATE TABLE `item_types` (
  `id` bigint unsigned NOT NULL AUTO_INCREMENT,
  `name` char(100) CHARACTER SET utf8mb4 COLLATE utf8mb4_unicode_ci DEFAULT NULL,
  `created_at` datetime DEFAULT CURRENT_TIMESTAMP,
  `updated_at` datetime DEFAULT CURRENT_TIMESTAMP ON UPDATE CURRENT_TIMESTAMP,
  UNIQUE KEY `id` (`id`),
  UNIQUE KEY `id_2` (`id`),
  UNIQUE KEY `name` (`name`)
) ENGINE=InnoDB AUTO_INCREMENT=6 DEFAULT CHARSET=utf8mb4 COLLATE=utf8mb4_unicode_ci;
/*!40101 SET character_set_client = @saved_cs_client */;

--
-- Dumping data for table `item_types`
--

LOCK TABLES `item_types` WRITE;
/*!40000 ALTER TABLE `item_types` DISABLE KEYS */;
INSERT INTO `item_types` VALUES (1,'post','2015-03-11 13:46:11','2018-06-25 01:10:36'),(2,'media','2019-02-10 05:25:53','2021-02-28 16:52:55'),(3,'user','2021-02-28 16:50:34','2021-02-28 16:50:34');
/*!40000 ALTER TABLE `item_types` ENABLE KEYS */;
UNLOCK TABLES;

--
-- Table structure for table `likes`
--

DROP TABLE IF EXISTS `likes`;
/*!40101 SET @saved_cs_client     = @@character_set_client */;
/*!50503 SET character_set_client = utf8mb4 */;
CREATE TABLE `likes` (
  `creator_id` int unsigned NOT NULL,
  `owner_id` int NOT NULL,
  `item_id` int unsigned NOT NULL,
  `item_type_id` bigint unsigned NOT NULL,
  `created_at` datetime DEFAULT CURRENT_TIMESTAMP,
  `updated_at` datetime DEFAULT CURRENT_TIMESTAMP ON UPDATE CURRENT_TIMESTAMP,
  PRIMARY KEY (`creator_id`,`owner_id`,`item_id`,`item_type_id`),
  KEY `likes_item_type_id_fk` (`item_type_id`),
  CONSTRAINT `likes_creator_id_fk` FOREIGN KEY (`creator_id`) REFERENCES `users` (`id`) ON DELETE RESTRICT,
  CONSTRAINT `likes_item_type_id_fk` FOREIGN KEY (`item_type_id`) REFERENCES `item_types` (`id`) ON DELETE CASCADE
) ENGINE=InnoDB DEFAULT CHARSET=utf8mb4 COLLATE=utf8mb4_unicode_ci;
/*!40101 SET character_set_client = @saved_cs_client */;

--
-- Dumping data for table `likes`
--

LOCK TABLES `likes` WRITE;
/*!40000 ALTER TABLE `likes` DISABLE KEYS */;
INSERT INTO `likes` VALUES (3,-91,3,1,'2016-09-20 03:58:55','2021-02-28 20:14:34'),(3,-89,11,1,'2020-04-12 17:28:35','2021-02-28 20:19:28'),(3,-75,84,2,'2015-02-04 08:57:10','2021-02-28 20:19:13'),(3,-65,60,2,'2011-03-27 15:16:12','2021-02-28 20:19:28'),(3,-53,40,2,'2021-01-05 16:18:34','2021-02-28 20:19:28'),(3,-47,17,2,'2016-09-20 08:24:38','2021-02-28 20:19:28'),(3,-47,76,1,'2013-10-02 09:34:35','2021-02-28 20:19:28'),(3,-46,12,3,'2016-05-30 23:02:16','2021-02-28 20:16:34'),(3,-31,70,3,'2014-01-20 07:15:00','2021-02-28 20:19:28'),(3,-8,79,1,'2014-02-17 08:26:03','2021-02-28 20:19:28'),(3,-7,74,1,'2020-04-15 04:55:53','2021-02-28 20:19:28'),(3,1,25,1,'2019-12-27 12:32:00','2021-02-28 20:19:13'),(3,4,99,1,'2015-05-09 18:23:08','2021-02-28 20:19:13'),(3,21,67,3,'2015-05-06 11:45:41','2021-02-28 20:19:28'),(3,23,38,3,'2017-07-23 07:54:24','2021-02-28 20:19:28'),(3,43,58,2,'2016-09-25 11:10:17','2021-02-28 20:19:28'),(3,45,19,2,'2012-01-27 00:05:25','2021-02-28 20:19:28'),(3,46,19,1,'2015-10-11 23:34:52','2021-02-28 20:19:28'),(3,71,88,2,'2014-10-01 11:22:16','2021-02-28 20:19:13'),(3,80,49,3,'2012-04-07 15:59:57','2021-02-28 20:19:28'),(3,82,23,3,'2011-03-14 08:42:33','2021-02-28 20:19:13'),(3,99,40,2,'2011-10-29 16:18:58','2021-02-28 20:19:28'),(15,65,68,1,'2015-03-25 15:13:40','2021-02-28 20:19:13'),(15,66,85,1,'2020-06-20 04:07:22','2021-02-28 20:18:21'),(16,-95,89,2,'2017-11-28 21:28:06','2021-02-28 20:18:21'),(16,-59,78,3,'2011-08-18 22:21:00','2021-02-28 20:19:28'),(18,-39,22,3,'2017-06-05 05:57:51','2021-02-28 20:16:34'),(19,26,15,3,'2012-10-08 17:00:03','2021-02-28 20:19:13'),(19,32,61,3,'2014-12-03 12:40:59','2021-02-28 20:19:28'),(21,-68,67,2,'2014-10-08 06:41:15','2021-02-28 20:19:28'),(22,-88,4,1,'2011-10-04 20:23:58','2021-02-28 20:19:28'),(22,-52,72,3,'2021-02-15 20:26:37','2021-02-28 20:19:28'),(22,-40,85,2,'2012-10-03 15:21:36','2021-02-28 20:19:28'),(23,10,62,3,'2019-07-02 11:36:32','2021-02-28 20:19:13'),(23,64,41,1,'2013-07-18 11:59:32','2021-02-28 20:19:28'),(24,-17,15,1,'2017-02-09 10:13:47','2021-02-28 20:18:21'),(26,-90,98,3,'2016-07-13 19:14:17','2021-02-28 20:19:28'),(27,-40,50,3,'2017-05-23 12:01:05','2021-02-28 20:19:28'),(31,-81,50,3,'2015-11-21 11:19:41','2021-02-28 20:19:28'),(31,30,90,1,'2016-03-08 20:38:00','2021-02-28 20:19:13'),(35,-26,10,2,'2020-06-16 03:26:46','2021-02-28 20:19:13'),(35,16,73,3,'2013-01-02 14:31:55','2021-02-28 20:19:28'),(35,76,99,3,'2020-09-11 10:45:28','2021-02-28 20:19:13'),(37,-75,65,3,'2014-01-19 23:15:21','2021-02-28 20:18:21'),(37,76,26,3,'2013-12-22 21:58:46','2021-02-28 20:19:28'),(38,-56,69,1,'2015-11-11 10:59:16','2021-02-28 20:19:28'),(39,-10,48,1,'2015-03-16 18:22:36','2021-02-28 20:19:28'),(40,19,97,3,'2012-02-07 17:05:16','2021-02-28 20:19:13'),(40,74,41,3,'2019-07-19 00:55:38','2021-02-28 20:19:13'),(41,36,73,1,'2014-08-01 09:26:55','2021-02-28 20:19:28'),(42,-12,29,3,'2012-03-16 01:02:09','2021-02-28 20:14:57'),(45,-30,35,2,'2017-04-22 10:20:46','2021-02-28 20:19:28'),(45,97,68,3,'2012-06-18 23:29:47','2021-02-28 20:18:21'),(46,-88,35,3,'2017-08-19 22:55:26','2021-02-28 20:19:13'),(46,49,26,2,'2017-10-19 03:38:40','2021-02-28 20:19:28'),(48,-46,94,3,'2017-06-02 00:42:21','2021-02-28 20:19:28'),(49,-33,23,2,'2020-03-29 12:05:06','2021-02-28 20:19:28'),(50,56,57,3,'2017-08-23 13:45:56','2021-02-28 20:19:28'),(51,39,23,1,'2020-10-06 15:03:53','2021-02-28 20:19:28'),(52,63,55,1,'2015-11-10 09:33:24','2021-02-28 20:19:28'),(52,78,78,2,'2017-04-29 16:53:51','2021-02-28 20:19:28'),(55,100,96,2,'2019-10-31 20:18:31','2021-02-28 20:19:13'),(56,-11,85,2,'2016-01-27 07:29:21','2021-02-28 20:19:28'),(56,74,21,2,'2019-07-05 05:09:28','2021-02-28 20:19:28'),(57,-72,49,2,'2020-12-23 12:58:26','2021-02-28 20:19:28'),(57,-67,3,2,'2011-11-07 06:26:17','2021-02-28 20:19:13'),(57,-43,29,2,'2020-05-29 13:28:52','2021-02-28 20:19:28'),(62,-57,72,3,'2012-04-24 12:25:23','2021-02-28 20:19:28'),(66,-71,6,3,'2012-10-19 10:30:13','2021-02-28 20:19:28'),(66,56,35,1,'2020-01-02 04:56:43','2021-02-28 20:19:13'),(66,92,78,1,'2011-12-25 12:52:03','2021-02-28 20:19:28'),(68,77,66,1,'2016-08-08 03:40:35','2021-02-28 20:19:28'),(69,-36,76,2,'2016-06-29 09:51:25','2021-02-28 20:19:28'),(71,-8,40,1,'2016-03-03 12:03:51','2021-02-28 20:19:28'),(71,38,45,3,'2020-10-04 15:45:17','2021-02-28 20:16:34'),(72,-13,69,3,'2011-06-15 15:16:25','2021-02-28 20:19:28'),(75,-18,67,1,'2013-02-26 16:44:25','2021-02-28 20:19:13'),(76,-37,92,1,'2011-06-30 15:43:55','2021-02-28 20:19:28'),(79,62,61,1,'2011-03-12 15:37:48','2021-02-28 20:18:21'),(83,-67,50,3,'2013-01-14 11:10:52','2021-02-28 20:19:28'),(85,44,20,1,'2017-07-24 00:35:04','2021-02-28 20:18:21'),(85,47,25,3,'2015-10-25 07:59:35','2021-02-28 20:19:28'),(87,-22,89,1,'2018-03-29 02:44:39','2021-02-28 20:19:28'),(87,93,27,1,'2016-01-26 10:45:36','2021-02-28 20:19:13'),(88,-4,95,3,'2018-09-03 18:21:09','2021-02-28 20:19:28'),(89,-67,26,1,'2013-07-03 19:56:56','2021-02-28 20:19:28'),(90,-74,28,1,'2019-05-18 08:43:20','2021-02-28 20:18:21'),(90,38,36,3,'2013-12-27 23:43:43','2021-02-28 20:19:28'),(91,34,56,2,'2018-08-04 21:10:32','2021-02-28 20:19:28'),(93,-78,48,2,'2015-04-06 02:44:27','2021-02-28 20:19:28'),(95,-44,85,3,'2013-08-31 13:47:06','2021-02-28 20:19:28'),(96,-82,91,2,'2019-11-22 18:52:44','2021-02-28 20:19:28'),(97,-83,74,2,'2020-01-11 15:08:01','2021-02-28 20:19:28'),(98,-43,20,1,'2016-01-22 00:22:28','2021-02-28 20:19:28'),(98,100,62,3,'2019-11-04 02:08:34','2021-02-28 20:18:21'),(99,-81,19,3,'2019-05-01 03:22:07','2021-02-28 20:19:28'),(99,-79,94,1,'2011-07-10 01:52:29','2021-02-28 20:18:21'),(100,-92,90,3,'2018-12-19 17:15:20','2021-02-28 20:19:28'),(100,62,10,1,'2018-02-23 13:42:18','2021-02-28 20:19:28'),(100,98,77,2,'2017-09-03 19:58:44','2021-02-28 20:19:28');
/*!40000 ALTER TABLE `likes` ENABLE KEYS */;
UNLOCK TABLES;

--
-- Table structure for table `media`
--

DROP TABLE IF EXISTS `media`;
/*!40101 SET @saved_cs_client     = @@character_set_client */;
/*!50503 SET character_set_client = utf8mb4 */;
CREATE TABLE `media` (
  `id` int unsigned NOT NULL,
  `user_id` int unsigned NOT NULL,
  `filename` varchar(255) CHARACTER SET utf8mb4 COLLATE utf8mb4_unicode_ci NOT NULL,
  `size` int NOT NULL,
  `metadata` json DEFAULT NULL,
  `media_type_id` int unsigned NOT NULL,
  `created_at` datetime DEFAULT CURRENT_TIMESTAMP,
  `updated_at` datetime DEFAULT CURRENT_TIMESTAMP ON UPDATE CURRENT_TIMESTAMP,
  PRIMARY KEY (`id`,`user_id`),
  KEY `media_media_type_fk` (`media_type_id`),
  KEY `media_user_id_fk` (`user_id`),
  CONSTRAINT `media_media_type_fk` FOREIGN KEY (`media_type_id`) REFERENCES `media_types` (`id`) ON DELETE RESTRICT,
  CONSTRAINT `media_user_id_fk` FOREIGN KEY (`user_id`) REFERENCES `users` (`id`) ON DELETE CASCADE,
  CONSTRAINT `media_chk_1` CHECK (json_valid(`metadata`))
) ENGINE=InnoDB DEFAULT CHARSET=utf8mb4 COLLATE=utf8mb4_unicode_ci;
/*!40101 SET character_set_client = @saved_cs_client */;

--
-- Dumping data for table `media`
--

LOCK TABLES `media` WRITE;
/*!40000 ALTER TABLE `media` DISABLE KEYS */;
INSERT INTO `media` VALUES (1,95,'http://dropbox.net/vk/rationeCartwright.png',990638,'{\"owner\": \"Magali Wisoky\"}',2,'2021-02-01 02:07:33','2021-02-23 14:04:16'),(2,11,'http://dropbox.net/vk/isteBoyer.avi',1703,'{\"owner\": \"Ally Rolfson\"}',1,'2012-10-11 05:27:15','2021-02-23 14:04:16'),(2,16,'http://dropbox.net/vk/consequaturCrona.avi',1773,'{\"owner\": \"Jeffery Berge\"}',2,'2019-11-21 07:35:27','2021-02-23 14:04:16'),(2,92,'http://dropbox.net/vk/sitGutkowski.avi',1819,'{\"owner\": \"Noemi Prosacco\"}',2,'2012-04-02 00:35:25','2021-02-23 14:04:16'),(3,27,'http://dropbox.net/vk/sitKling.avi',1604,'{\"owner\": \"Jules Lind\"}',3,'2016-03-20 23:52:47','2021-02-23 14:04:16'),(3,60,'http://dropbox.net/vk/ametBraun.mpeg',365128,'{\"owner\": \"Carey Fay\"}',3,'2012-05-30 10:29:52','2021-02-23 14:04:16'),(4,28,'http://dropbox.net/vk/quodVonRueden.mpeg',843727,'{\"owner\": \"Morris Gutkowski\"}',2,'2020-02-21 20:06:01','2021-02-23 14:04:16'),(6,7,'http://dropbox.net/vk/quiaWisoky.png',113253,'{\"owner\": \"Ruthe Dicki\"}',1,'2018-02-09 16:53:01','2021-02-23 14:04:16'),(6,61,'http://dropbox.net/vk/etGusikowski.png',1650,'{\"owner\": \"Nettie Casper\"}',2,'2014-09-21 03:38:57','2021-02-23 14:04:16'),(8,79,'http://dropbox.net/vk/ducimusRussel.mpeg',1731,'{\"owner\": \"Brandi Borer\"}',2,'2011-11-28 23:50:16','2021-02-23 14:04:16'),(9,23,'http://dropbox.net/vk/quoMarquardt.jpeg',1788,'{\"owner\": \"Odessa Lockman\"}',3,'2014-04-19 11:40:47','2021-02-23 14:04:16'),(9,42,'http://dropbox.net/vk/perferendisGislason.png',1841,'{\"owner\": \"Paxton Gusikowski\"}',2,'2016-06-11 13:31:18','2021-02-23 14:04:16'),(9,48,'http://dropbox.net/vk/quasiRohan.avi',25083,'{\"owner\": \"Linwood Heller\"}',1,'2015-04-27 08:13:30','2021-02-23 14:04:16'),(11,22,'http://dropbox.net/vk/estGusikowski.mpeg',775656,'{\"owner\": \"Elisabeth Kemmer\"}',2,'2019-03-02 20:26:36','2021-02-23 14:04:16'),(11,23,'http://dropbox.net/vk/autWolf.png',1610,'{\"owner\": \"Odessa Lockman\"}',2,'2014-03-02 19:19:37','2021-02-23 14:04:16'),(13,58,'http://dropbox.net/vk/exHane.mpeg',1708,'{\"owner\": \"Jared Gusikowski\"}',2,'2018-01-03 02:24:26','2021-02-23 14:04:16'),(14,37,'http://dropbox.net/vk/accusamusProsacco.mpeg',793032,'{\"owner\": \"Jalen Medhurst\"}',3,'2016-04-07 16:17:54','2021-02-23 14:04:16'),(14,66,'http://dropbox.net/vk/distinctioRenner.png',1725,'{\"owner\": \"Shanelle Hahn\"}',3,'2021-01-21 09:32:36','2021-02-23 14:04:16'),(14,80,'http://dropbox.net/vk/ipsaWiegand.png',1754,'{\"owner\": \"Xavier Jaskolski\"}',2,'2012-07-06 00:02:24','2021-02-23 14:04:16'),(14,98,'http://dropbox.net/vk/quiaWeissnat.jpeg',628191,'{\"owner\": \"Vincenza McLaughlin\"}',3,'2018-08-12 13:25:18','2021-02-23 14:04:16'),(15,18,'http://dropbox.net/vk/quoNitzsche.mpeg',1646,'{\"owner\": \"Hosea Schultz\"}',2,'2013-03-18 04:17:50','2021-02-23 14:04:16'),(15,43,'http://dropbox.net/vk/magniHowell.jpeg',751862,'{\"owner\": \"Kathleen Armstrong\"}',1,'2018-10-20 03:09:08','2021-02-23 14:04:16'),(18,56,'http://dropbox.net/vk/temporaKerluke.avi',864737,'{\"owner\": \"Michael Kohler\"}',3,'2011-09-05 18:00:03','2021-02-23 14:04:16'),(21,50,'http://dropbox.net/vk/etKutch.png',58099,'{\"owner\": \"Melyssa Ratke\"}',3,'2015-09-20 07:33:43','2021-02-23 14:04:16'),(24,92,'http://dropbox.net/vk/liberoKohler.png',686284,'{\"owner\": \"Noemi Prosacco\"}',2,'2012-10-03 06:59:42','2021-02-23 14:04:16'),(24,100,'http://dropbox.net/vk/nonKemmer.jpeg',247122,'{\"owner\": \"Aniyah Hane\"}',1,'2014-04-18 07:06:01','2021-02-23 14:04:16'),(25,80,'http://dropbox.net/vk/inventoreLind.mpeg',166761,'{\"owner\": \"Xavier Jaskolski\"}',3,'2019-09-27 15:34:39','2021-02-23 14:04:16'),(26,97,'http://dropbox.net/vk/maximeCasper.png',1705,'{\"owner\": \"Hilma Cormier\"}',2,'2011-07-12 02:01:59','2021-02-23 14:04:16'),(27,21,'http://dropbox.net/vk/corruptiStanton.jpeg',82440,'{\"owner\": \"Victor Brown\"}',1,'2018-03-22 01:50:03','2021-02-23 14:04:16'),(27,23,'http://dropbox.net/vk/estLedner.jpeg',1664,'{\"owner\": \"Odessa Lockman\"}',2,'2018-08-09 00:16:16','2021-02-23 14:04:16'),(28,84,'http://dropbox.net/vk/pariaturO\'Keefe.mpeg',901917,'{\"owner\": \"Hazle Wolff\"}',2,'2018-10-21 22:01:58','2021-02-23 14:04:16'),(30,88,'http://dropbox.net/vk/doloreCrona.mpeg',252265,'{\"owner\": \"Jake Kling\"}',3,'2012-07-19 04:37:01','2021-02-23 14:04:16'),(34,10,'http://dropbox.net/vk/etHahn.jpeg',545575,'{\"owner\": \"Jules Feeney\"}',1,'2020-01-01 19:20:50','2021-02-23 14:04:16'),(34,45,'http://dropbox.net/vk/iustoRatke.avi',961079,'{\"owner\": \"Rosemary Fadel\"}',1,'2013-01-09 04:31:49','2021-02-23 14:04:16'),(34,46,'http://dropbox.net/vk/hicMarquardt.png',158672,'{\"owner\": \"Libbie Tromp\"}',3,'2012-09-15 14:45:08','2021-02-23 14:04:16'),(35,45,'http://dropbox.net/vk/molestiasRohan.png',1912,'{\"owner\": \"Rosemary Fadel\"}',2,'2016-01-30 15:36:55','2021-02-23 14:04:16'),(36,15,'http://dropbox.net/vk/asperioresLockman.avi',900123,'{\"owner\": \"Arielle Ziemann\"}',3,'2018-06-22 12:43:29','2021-02-23 14:04:16'),(37,3,'http://dropbox.net/vk/eumFeeney.jpeg',1890,'{\"owner\": \"Era Turcotte\"}',3,'2017-03-04 09:19:56','2021-02-23 14:04:16'),(38,1,'http://dropbox.net/vk/sedHahn.mpeg',1842,'{\"owner\": \"Santina Bogan\"}',3,'2018-11-19 06:21:53','2021-02-23 14:04:16'),(38,30,'http://dropbox.net/vk/nemoHartmann.jpeg',14600,'{\"owner\": \"Kirsten Robel\"}',3,'2015-06-27 06:28:11','2021-02-23 14:04:16'),(40,30,'http://dropbox.net/vk/repudiandaeRohan.png',362631,'{\"owner\": \"Kirsten Robel\"}',1,'2015-06-26 21:04:29','2021-02-23 14:04:16'),(40,33,'http://dropbox.net/vk/aliquamHammes.png',759356,'{\"owner\": \"Jeanie Bode\"}',1,'2019-06-13 01:40:25','2021-02-23 14:04:16'),(41,13,'http://dropbox.net/vk/sequiHowell.mpeg',698889,'{\"owner\": \"Orie Corwin\"}',3,'2015-03-05 20:52:49','2021-02-23 14:04:16'),(41,31,'http://dropbox.net/vk/esseO\'Conner.png',1599,'{\"owner\": \"Marquis Romaguera\"}',3,'2013-03-11 04:16:22','2021-02-23 14:04:16'),(42,13,'http://dropbox.net/vk/autWalter.png',1726,'{\"owner\": \"Orie Corwin\"}',1,'2014-05-23 12:02:13','2021-02-23 14:04:16'),(42,56,'http://dropbox.net/vk/inBartell.jpeg',1524,'{\"owner\": \"Michael Kohler\"}',2,'2014-04-27 23:54:09','2021-02-23 14:04:16'),(46,66,'http://dropbox.net/vk/voluptasFadel.avi',206377,'{\"owner\": \"Shanelle Hahn\"}',2,'2011-07-01 15:51:45','2021-02-23 14:04:16'),(47,19,'http://dropbox.net/vk/temporeBogan.avi',925219,'{\"owner\": \"Larry Fadel\"}',3,'2013-11-18 01:26:18','2021-02-23 14:04:16'),(48,92,'http://dropbox.net/vk/perspiciatisHeller.jpeg',996963,'{\"owner\": \"Noemi Prosacco\"}',1,'2017-08-30 03:33:53','2021-02-23 14:04:16'),(53,45,'http://dropbox.net/vk/omnisBoyer.mpeg',1585,'{\"owner\": \"Rosemary Fadel\"}',3,'2012-04-28 20:25:52','2021-02-23 14:04:16'),(54,44,'http://dropbox.net/vk/fugiatReilly.avi',1778,'{\"owner\": \"Leonor O\'Keefe\"}',3,'2018-02-12 12:46:29','2021-02-23 14:04:16'),(54,88,'http://dropbox.net/vk/officiisDouglas.avi',1971,'{\"owner\": \"Jake Kling\"}',3,'2014-05-29 09:59:20','2021-02-23 14:04:16'),(55,16,'http://dropbox.net/vk/utStanton.avi',199158,'{\"owner\": \"Jeffery Berge\"}',2,'2020-04-01 18:42:39','2021-02-23 14:04:16'),(57,14,'http://dropbox.net/vk/repudiandaeGraham.avi',994902,'{\"owner\": \"Emmitt Moen\"}',1,'2017-08-21 08:05:12','2021-02-23 14:04:16'),(58,75,'http://dropbox.net/vk/atqueCasper.jpeg',367035,'{\"owner\": \"Destini Weissnat\"}',3,'2012-07-24 20:58:09','2021-02-23 14:04:16'),(60,35,'http://dropbox.net/vk/magnamHammes.jpeg',840473,'{\"owner\": \"Domenico Howell\"}',3,'2014-12-24 21:18:52','2021-02-23 14:04:16'),(62,55,'http://dropbox.net/vk/saepeRenner.mpeg',1631,'{\"owner\": \"Nick Kuhlman\"}',3,'2011-10-26 01:37:58','2021-02-23 14:04:16'),(64,56,'http://dropbox.net/vk/laborumBergstrom.png',1875,'{\"owner\": \"Michael Kohler\"}',1,'2019-05-16 15:36:51','2021-02-23 14:04:16'),(64,67,'http://dropbox.net/vk/asperioresCorwin.mpeg',91257,'{\"owner\": \"Jarrod Rau\"}',1,'2014-09-06 23:22:21','2021-02-23 14:04:16'),(65,6,'http://dropbox.net/vk/molestiasO\'Conner.jpeg',924868,'{\"owner\": \"Natalia Graham\"}',3,'2015-11-20 22:49:26','2021-02-23 14:04:16'),(65,21,'http://dropbox.net/vk/natusLockman.mpeg',1531,'{\"owner\": \"Victor Brown\"}',3,'2016-07-20 23:56:10','2021-02-23 14:04:16'),(65,82,'http://dropbox.net/vk/perferendisSchimmel.jpeg',340570,'{\"owner\": \"Darrin Windler\"}',3,'2021-01-17 18:41:04','2021-02-23 14:04:16'),(69,5,'http://dropbox.net/vk/liberoCrona.jpeg',918247,'{\"owner\": \"Jessie Ledner\"}',1,'2011-12-28 17:48:56','2021-02-23 14:04:16'),(69,23,'http://dropbox.net/vk/nullaWalter.jpeg',1779,'{\"owner\": \"Odessa Lockman\"}',2,'2016-03-18 08:10:39','2021-02-23 14:04:16'),(70,3,'http://dropbox.net/vk/numquamHerman.png',559523,'{\"owner\": \"Era Turcotte\"}',2,'2012-02-17 12:17:22','2021-02-23 14:04:16'),(70,60,'http://dropbox.net/vk/nullaKoss.png',32875,'{\"owner\": \"Carey Fay\"}',3,'2014-01-19 07:09:31','2021-02-23 14:04:16'),(70,77,'http://dropbox.net/vk/quosMurazik.avi',475809,'{\"owner\": \"Jena Satterfield\"}',2,'2015-10-30 08:39:35','2021-02-23 14:04:16'),(71,91,'http://dropbox.net/vk/suntGislason.jpeg',1874,'{\"owner\": \"Heber Bergstrom\"}',2,'2013-12-25 22:13:48','2021-02-23 14:04:16'),(71,92,'http://dropbox.net/vk/omnisKutch.avi',270420,'{\"owner\": \"Noemi Prosacco\"}',1,'2018-01-18 03:53:17','2021-02-23 14:04:16'),(72,22,'http://dropbox.net/vk/sedKemmer.mpeg',914671,'{\"owner\": \"Elisabeth Kemmer\"}',1,'2019-12-30 01:14:09','2021-02-23 14:04:16'),(73,40,'http://dropbox.net/vk/voluptatemRau.jpeg',1684,'{\"owner\": \"Marley Hudson\"}',2,'2012-11-05 13:59:20','2021-02-23 14:04:16'),(73,95,'http://dropbox.net/vk/voluptasVonRueden.jpeg',1647,'{\"owner\": \"Magali Wisoky\"}',3,'2020-02-09 04:11:12','2021-02-23 14:04:16'),(75,16,'http://dropbox.net/vk/cumqueHammes.png',752097,'{\"owner\": \"Jeffery Berge\"}',3,'2018-08-01 03:10:07','2021-02-23 14:04:16'),(76,36,'http://dropbox.net/vk/ipsumLockman.mpeg',1936,'{\"owner\": \"Jada Gislason\"}',1,'2015-06-16 09:04:05','2021-02-23 14:04:16'),(76,90,'http://dropbox.net/vk/blanditiisGutkowski.jpeg',1006472,'{\"owner\": \"Jarvis Kerluke\"}',1,'2014-06-12 17:17:29','2021-02-23 14:04:16'),(77,13,'http://dropbox.net/vk/nobisAnkunding.mpeg',766069,'{\"owner\": \"Orie Corwin\"}',3,'2013-06-29 13:57:53','2021-02-23 14:04:16'),(78,95,'http://dropbox.net/vk/estFadel.png',800928,'{\"owner\": \"Magali Wisoky\"}',3,'2019-01-06 20:09:21','2021-02-23 14:04:16'),(79,45,'http://dropbox.net/vk/similiqueRenner.jpeg',696436,'{\"owner\": \"Rosemary Fadel\"}',1,'2017-03-17 15:18:40','2021-02-23 14:04:16'),(79,90,'http://dropbox.net/vk/necessitatibusKovacek.avi',69397,'{\"owner\": \"Jarvis Kerluke\"}',3,'2012-09-11 11:31:04','2021-02-23 14:04:16'),(80,20,'http://dropbox.net/vk/ipsamRatke.png',247677,'{\"owner\": \"Pink Lowe\"}',3,'2014-05-12 16:32:27','2021-02-23 14:04:16'),(80,34,'http://dropbox.net/vk/estGislason.jpeg',1600,'{\"owner\": \"Lavinia Marquardt\"}',1,'2012-06-03 02:38:33','2021-02-23 14:04:16'),(81,26,'http://dropbox.net/vk/sedMohr.avi',20193,'{\"owner\": \"Odie Toy\"}',2,'2018-08-31 13:57:02','2021-02-23 14:04:16'),(81,46,'http://dropbox.net/vk/harumDicki.jpeg',347934,'{\"owner\": \"Libbie Tromp\"}',3,'2013-10-23 05:14:24','2021-02-23 14:04:16'),(82,40,'http://dropbox.net/vk/quiaKovacek.jpeg',669094,'{\"owner\": \"Marley Hudson\"}',2,'2020-12-12 02:30:40','2021-02-23 14:04:16'),(82,51,'http://dropbox.net/vk/autProsacco.avi',291667,'{\"owner\": \"Ryleigh Douglas\"}',2,'2017-12-31 16:11:21','2021-02-23 14:04:16'),(83,51,'http://dropbox.net/vk/commodiBraun.mpeg',1754,'{\"owner\": \"Ryleigh Douglas\"}',1,'2019-02-21 13:53:12','2021-02-23 14:04:16'),(83,66,'http://dropbox.net/vk/sedBorer.avi',1645,'{\"owner\": \"Shanelle Hahn\"}',1,'2013-03-15 21:04:24','2021-02-23 14:04:16'),(84,1,'http://dropbox.net/vk/suntWeissnat.jpeg',1968,'{\"owner\": \"Santina Bogan\"}',3,'2012-04-30 16:19:54','2021-02-23 14:04:16'),(84,88,'http://dropbox.net/vk/etAnkunding.png',1995,'{\"owner\": \"Jake Kling\"}',1,'2016-07-10 22:06:36','2021-02-23 14:04:16'),(86,74,'http://dropbox.net/vk/exercitationemBraun.avi',1748,'{\"owner\": \"Roma Erdman\"}',1,'2015-05-20 22:23:06','2021-02-23 14:04:16'),(89,58,'http://dropbox.net/vk/asperioresRau.mpeg',1541,'{\"owner\": \"Jared Gusikowski\"}',1,'2014-04-26 20:54:42','2021-02-23 14:04:16'),(89,67,'http://dropbox.net/vk/consequunturGraham.jpeg',1886,'{\"owner\": \"Jarrod Rau\"}',3,'2019-02-21 13:22:40','2021-02-23 14:04:16'),(89,86,'http://dropbox.net/vk/possimusMedhurst.mpeg',441054,'{\"owner\": \"Aurelie Schimmel\"}',2,'2012-01-26 04:13:49','2021-02-23 14:04:16'),(90,15,'http://dropbox.net/vk/corporisPfannerstill.jpeg',1725,'{\"owner\": \"Arielle Ziemann\"}',2,'2021-01-24 08:05:30','2021-02-23 14:04:16'),(91,93,'http://dropbox.net/vk/autArmstrong.avi',1877,'{\"owner\": \"Destin Nolan\"}',1,'2017-02-11 20:05:48','2021-02-23 14:04:16'),(93,94,'http://dropbox.net/vk/abNitzsche.jpeg',320271,'{\"owner\": \"Otis Herman\"}',1,'2018-07-19 15:45:24','2021-02-23 14:04:16'),(95,48,'http://dropbox.net/vk/doloresGraham.png',268192,'{\"owner\": \"Linwood Heller\"}',3,'2020-04-28 13:03:12','2021-02-23 14:04:16'),(96,68,'http://dropbox.net/vk/utHammes.png',1913,'{\"owner\": \"Neha Schulist\"}',3,'2011-09-01 06:35:50','2021-02-23 14:04:16'),(97,68,'http://dropbox.net/vk/eumHowell.mpeg',370147,'{\"owner\": \"Neha Schulist\"}',3,'2014-07-25 12:49:07','2021-02-23 14:04:16');
/*!40000 ALTER TABLE `media` ENABLE KEYS */;
UNLOCK TABLES;

--
-- Table structure for table `media_types`
--

DROP TABLE IF EXISTS `media_types`;
/*!40101 SET @saved_cs_client     = @@character_set_client */;
/*!50503 SET character_set_client = utf8mb4 */;
CREATE TABLE `media_types` (
  `id` int unsigned NOT NULL AUTO_INCREMENT,
  `name` varchar(255) CHARACTER SET utf8mb4 COLLATE utf8mb4_unicode_ci NOT NULL,
  `created_at` datetime DEFAULT CURRENT_TIMESTAMP,
  `updated_at` datetime DEFAULT CURRENT_TIMESTAMP ON UPDATE CURRENT_TIMESTAMP,
  PRIMARY KEY (`id`),
  UNIQUE KEY `name` (`name`)
) ENGINE=InnoDB AUTO_INCREMENT=4 DEFAULT CHARSET=utf8mb4 COLLATE=utf8mb4_unicode_ci;
/*!40101 SET character_set_client = @saved_cs_client */;

--
-- Dumping data for table `media_types`
--

LOCK TABLES `media_types` WRITE;
/*!40000 ALTER TABLE `media_types` DISABLE KEYS */;
INSERT INTO `media_types` VALUES (1,'video','2014-05-11 01:04:04','2014-07-29 03:41:21'),(2,'photo','2013-08-29 00:28:48','2019-07-04 06:25:39'),(3,'audio','2014-07-27 02:43:06','2018-10-04 12:38:24');
/*!40000 ALTER TABLE `media_types` ENABLE KEYS */;
UNLOCK TABLES;

--
-- Table structure for table `messages`
--

DROP TABLE IF EXISTS `messages`;
/*!40101 SET @saved_cs_client     = @@character_set_client */;
/*!50503 SET character_set_client = utf8mb4 */;
CREATE TABLE `messages` (
  `id` int unsigned NOT NULL AUTO_INCREMENT,
  `from_user_id` int unsigned NOT NULL,
  `to_user_id` int unsigned NOT NULL,
  `body` text CHARACTER SET utf8mb4 COLLATE utf8mb4_unicode_ci NOT NULL,
  `is_important` tinyint(1) DEFAULT NULL,
  `is_delivered` tinyint(1) DEFAULT NULL,
  `created_at` datetime DEFAULT CURRENT_TIMESTAMP,
  `updated_at` datetime DEFAULT CURRENT_TIMESTAMP ON UPDATE CURRENT_TIMESTAMP,
  PRIMARY KEY (`id`),
  KEY `messages_from_user_id_fk` (`from_user_id`),
  KEY `messages_to_user_id_fk` (`to_user_id`),
  CONSTRAINT `messages_from_user_id_fk` FOREIGN KEY (`from_user_id`) REFERENCES `users` (`id`) ON DELETE RESTRICT,
  CONSTRAINT `messages_to_user_id_fk` FOREIGN KEY (`to_user_id`) REFERENCES `users` (`id`) ON DELETE RESTRICT
) ENGINE=InnoDB AUTO_INCREMENT=101 DEFAULT CHARSET=utf8mb4 COLLATE=utf8mb4_unicode_ci;
/*!40101 SET character_set_client = @saved_cs_client */;

--
-- Dumping data for table `messages`
--

LOCK TABLES `messages` WRITE;
/*!40000 ALTER TABLE `messages` DISABLE KEYS */;
INSERT INTO `messages` VALUES (1,36,75,'Et ratione qui quibusdam et. Magnam quas maxime dolorum vel illo.',0,1,'2017-02-23 00:10:43','2021-02-23 13:49:44'),(2,71,66,'Dolorum et ex maiores et consectetur. Expedita sit reprehenderit ratione rerum. Sit tenetur optio rerum nostrum consequatur eveniet.',1,1,'2013-08-15 23:46:27','2016-08-15 18:30:00'),(3,32,66,'Soluta sed assumenda qui nulla et debitis delectus vel. Deleniti ipsa veritatis natus illum nobis. Iusto libero ut atque.',1,1,'2011-04-28 20:24:20','2020-08-12 14:08:11'),(4,50,26,'Eaque ducimus sunt quo in occaecati cupiditate aut. Exercitationem facere pariatur ex ut voluptas. Sit inventore perferendis provident voluptatem.',0,1,'2012-11-16 22:17:40','2018-03-20 19:23:00'),(5,98,99,'Harum quo quo voluptatem fuga. Libero quo voluptas quo asperiores corrupti aut aperiam. Autem qui optio tenetur soluta et. Et consectetur ipsum praesentium expedita dolore error deserunt veritatis.',0,0,'2018-07-30 23:31:50','2021-02-23 13:49:44'),(6,68,60,'Reprehenderit est aliquid culpa ut. Dolore quibusdam a dolorem. Deleniti ullam dolorem impedit voluptatibus saepe aut facilis voluptates. Similique consequatur eos sint illo eligendi temporibus sequi.',1,1,'2017-04-24 13:39:49','2021-02-23 13:49:44'),(7,6,8,'Consectetur laudantium rerum animi accusamus in. Alias impedit aut blanditiis placeat modi. Vel neque eos tenetur non incidunt iure. Et delectus minus incidunt sit temporibus dolorem.',0,0,'2017-02-18 14:55:04','2021-02-23 13:49:44'),(8,7,4,'Est minus et occaecati distinctio soluta fuga. Doloremque optio ipsum perferendis. Voluptatem itaque nobis omnis nemo dolores quisquam ipsam.',1,1,'2011-10-28 01:00:16','2015-08-26 01:17:26'),(9,76,7,'Quos quaerat sed et esse suscipit sequi. Nihil ducimus corporis quisquam provident. Ducimus itaque fugit odit quia.',0,0,'2013-11-24 22:05:43','2020-12-17 16:58:58'),(10,92,37,'Sint quo natus ut facilis reprehenderit in illum. Laborum adipisci magni qui quia placeat architecto rerum. Minus ut nisi quidem iure vero nemo.',1,1,'2014-09-09 02:16:09','2015-02-17 12:41:19'),(11,13,31,'Quia necessitatibus ea rem delectus dignissimos non dignissimos. Tenetur impedit qui unde ad odit. Sit sunt recusandae consequatur minus libero consectetur ut. Ut ipsum deleniti non.',1,0,'2015-07-29 11:53:07','2021-02-23 13:49:44'),(12,40,32,'Autem et at voluptas quam. Asperiores aliquid architecto nemo. Suscipit sit architecto enim sapiente. Iusto eos ipsam non aut.',0,1,'2018-04-16 11:02:25','2021-01-30 02:06:24'),(13,71,75,'Aut explicabo quas quidem aliquam. Illo totam quam nihil officia atque id temporibus.',1,1,'2019-11-16 10:55:45','2021-01-23 00:07:49'),(14,6,6,'Ut atque accusamus id sed. Rerum sunt dolorum harum modi aut sint at iste. Debitis autem odio dolores ab impedit dolorem. Est illum voluptas aliquid fugit architecto hic.',1,1,'2012-07-09 04:14:37','2021-02-23 13:49:44'),(15,50,65,'Dolorem quos quia reiciendis. Est rerum vero vero veritatis natus aperiam ut. Et in non sunt dicta. Nam labore unde similique molestiae sint reprehenderit.',1,0,'2016-04-10 04:40:57','2021-02-23 13:49:44'),(16,64,86,'Reiciendis sunt consequatur maiores quas sint minima velit ducimus. Et est culpa et repudiandae ut et. Odio sint sed libero alias cum blanditiis commodi. Accusantium et incidunt vitae cupiditate nemo.',0,0,'2020-09-07 23:01:36','2021-02-23 13:49:44'),(17,40,34,'Rem eum quisquam odit at suscipit. Sequi et itaque laborum delectus. Ut veritatis expedita reprehenderit. Quo aut quidem labore quia nemo ut.',0,1,'2017-09-14 20:29:59','2021-02-23 13:49:44'),(18,51,72,'Qui accusamus est et. Itaque et voluptatem rerum ut ad. Quo et est dolore. Dignissimos aut aut exercitationem quisquam provident ullam.',0,1,'2016-03-28 01:12:19','2021-02-23 13:49:44'),(19,100,1,'Soluta autem et qui inventore atque molestias quos. Sunt natus dolores aspernatur. Aut delectus atque voluptatibus vitae sed. Vel qui rerum autem tempore quae error.',1,1,'2018-09-06 02:05:31','2018-09-25 14:52:24'),(20,97,97,'A nisi voluptatem enim itaque omnis ullam. Pariatur eligendi at quam ipsa reprehenderit. Sunt quo tenetur reprehenderit ex.',0,1,'2012-03-29 00:35:06','2015-08-23 05:42:47'),(21,99,65,'Ipsum omnis sint qui numquam. Commodi assumenda amet voluptates eum dolores totam. Sint quis autem et error dolor. In voluptas qui eaque iste ad consequatur repellat placeat.',0,1,'2017-06-19 08:29:18','2017-12-11 12:42:45'),(22,57,5,'Quisquam ut rerum officiis. Voluptas placeat architecto enim maxime. Porro in ex nihil consequatur voluptates in. Ut consequatur tenetur enim cum est.',0,1,'2015-12-15 16:24:48','2016-01-20 06:00:33'),(23,72,64,'Quia eaque deserunt explicabo et quo ea esse. Atque eligendi cumque consequatur architecto id. Sapiente nesciunt sit quos. Provident qui quasi repellendus omnis quisquam.',1,1,'2019-10-05 04:17:27','2021-02-23 13:49:44'),(24,9,48,'Quo nam nihil veritatis similique vero at deleniti. Tempora vel doloremque accusantium at. Dolor cupiditate occaecati commodi ut. Aut ut voluptatibus nesciunt ut sequi.',1,1,'2016-09-22 17:17:33','2019-07-11 03:13:55'),(25,70,1,'Voluptas quibusdam quis ullam quo cum aut. Ipsa reiciendis doloribus velit error. Omnis dolores et ipsum omnis sit tenetur.',1,1,'2017-01-15 11:21:01','2021-02-23 13:49:44'),(26,84,83,'Soluta hic provident sapiente quod cum deleniti. Labore aut dolorem fugiat mollitia quod nisi aspernatur et. Voluptates qui doloremque autem ut quam dignissimos ad.',0,0,'2019-01-28 03:52:03','2021-02-23 13:49:44'),(27,32,23,'Nisi exercitationem nesciunt odio deserunt sapiente eos inventore quam. Autem eum mollitia eveniet quia. Delectus consequatur delectus non recusandae.',0,0,'2018-08-20 02:05:05','2021-02-23 13:49:44'),(28,14,2,'Dolor explicabo possimus ratione iste temporibus. Sapiente eius facilis dolores quae porro laudantium. Eos consectetur quis aliquid quisquam doloremque fugiat. Et minus non impedit sit numquam deleniti minus. Qui et aliquid ullam minus illum excepturi.',1,0,'2019-05-23 19:57:52','2019-10-15 06:44:51'),(29,98,20,'Quisquam laborum repellat nemo rerum deleniti dolore harum et. Dignissimos consequatur officia quae sunt voluptas totam porro nihil. Incidunt beatae itaque voluptatem velit iste.',0,0,'2017-03-30 14:25:07','2021-02-23 13:49:44'),(30,7,48,'Repellendus qui enim ut. Et fuga autem perspiciatis ratione. Rerum adipisci sit itaque et et eos nihil. Magni libero ut possimus ratione.',0,0,'2018-08-01 13:41:35','2021-02-23 13:49:44'),(31,84,70,'Tempore dicta dicta et ex voluptas ipsum ut. Sint animi et eum accusantium et a sunt harum. Ipsa quo corrupti minus id ut unde at.',1,1,'2018-09-29 15:50:53','2021-02-23 13:49:44'),(32,33,24,'Ratione est quas rerum quidem saepe. Dolore alias ea unde nam. Earum assumenda rerum debitis magni.',1,0,'2013-04-23 05:15:34','2015-05-05 18:28:24'),(33,4,84,'Nostrum eos sit veniam eos non ipsum ullam deleniti. Quis nobis itaque excepturi totam necessitatibus omnis tenetur. Commodi dolorem et voluptatum sit optio porro aperiam.',0,0,'2013-05-18 16:43:53','2019-03-31 16:44:20'),(34,95,4,'Consequatur natus a facilis. Ad asperiores consectetur ea recusandae. Reiciendis consequatur eos consequatur autem. Dolores fugiat voluptas quisquam reprehenderit mollitia consequuntur.',1,0,'2015-12-19 14:58:00','2020-03-07 04:03:31'),(35,84,91,'Hic ullam eius deleniti pariatur aut. Totam harum tempore adipisci. Vero dolorum saepe blanditiis id reprehenderit provident blanditiis. Incidunt maxime exercitationem voluptas possimus eaque doloremque autem cumque.',1,1,'2016-04-23 09:31:26','2021-02-23 13:49:44'),(36,100,83,'Et sit atque sunt. Sit dolorem eos delectus quis. Sequi voluptatum est autem natus.',1,0,'2013-05-26 14:52:54','2018-04-14 22:20:40'),(37,55,57,'Omnis qui eos molestias dolorem tenetur sequi excepturi. Quas animi magni non ipsum fugiat. Sequi eos sint odit ad culpa tenetur sed.',0,1,'2018-03-01 18:31:34','2021-02-23 13:49:44'),(38,88,27,'Sed harum aliquam aut provident rerum. Nesciunt maxime aliquid totam laborum dolor iusto. Culpa labore in placeat.',0,0,'2013-08-06 09:28:06','2018-01-24 02:27:12'),(39,20,96,'Vero est dignissimos asperiores omnis. Assumenda unde tempora quia. Vel rerum aspernatur cupiditate labore nihil.',0,1,'2016-11-28 13:38:20','2017-06-29 03:07:57'),(40,74,89,'Molestiae occaecati assumenda ut. Velit eligendi nihil ratione consequuntur ut et consequatur. Rerum voluptatibus nostrum ad.',1,0,'2011-03-12 16:06:51','2020-10-27 13:06:20'),(41,96,57,'Doloribus reiciendis laboriosam sint cupiditate inventore sint aut voluptas. Qui voluptas ad minus inventore. Illo veritatis nisi autem cum deleniti.',1,0,'2011-04-27 09:11:04','2013-12-15 06:08:25'),(42,72,27,'Et qui ipsum quaerat et. Animi quisquam ducimus dolor numquam.',0,1,'2014-04-05 06:41:28','2021-01-13 17:13:39'),(43,80,85,'Provident eos aperiam suscipit natus. Aut adipisci deserunt id molestias nisi quis aut ut. Eligendi ut ipsam ut excepturi illo. Inventore aut illum omnis ut repudiandae sunt.',0,0,'2013-04-04 23:35:05','2021-02-23 13:49:44'),(44,28,78,'Minus fugiat qui ut et mollitia. Quasi aut neque amet corporis aut dolores modi animi. Ducimus delectus alias perferendis dolores.',0,0,'2013-01-15 10:09:20','2015-09-07 04:54:54'),(45,5,35,'Aliquid dolore in totam odit autem consequatur aut. Aliquid vel non quis. At in culpa fugit consequuntur. Quae ducimus eos sed rerum laudantium sed quia.',1,0,'2017-09-27 12:28:18','2021-02-23 13:49:44'),(46,25,89,'Quia autem velit sed rem. Dolores tempore suscipit ut consequuntur autem. Consequatur nulla accusantium dolorum quae. Ut consequuntur voluptate quae in ut.',1,1,'2014-12-19 23:21:15','2015-07-16 18:57:14'),(47,5,58,'Reiciendis rerum ad est maxime non. Deserunt quia eum dolores. Distinctio perspiciatis officia quo accusamus excepturi itaque dolores.',0,1,'2014-10-07 16:43:38','2021-02-23 13:49:44'),(48,12,8,'Et praesentium laborum eaque sed rerum laborum. Qui et magnam tempore rerum nesciunt nam. Officiis ab minus laudantium reprehenderit praesentium. Ut eos reiciendis modi necessitatibus eos ipsa. Occaecati ea sapiente pariatur quasi et rerum totam.',1,0,'2017-12-29 14:49:11','2020-01-20 15:31:26'),(49,41,7,'Saepe ut architecto quo in aut est explicabo. Nihil libero laudantium atque aut illum fugiat. Rerum omnis qui velit dolore fugiat. Qui et ut iste quisquam illo dolorem enim.',0,0,'2016-10-07 15:58:44','2021-02-23 13:49:44'),(50,11,25,'In reiciendis amet velit totam. Quasi dolorem hic quidem explicabo. Eum iure omnis labore beatae consequuntur ut. Ut quo voluptate excepturi inventore dignissimos aliquam animi.',1,1,'2015-07-03 00:28:45','2021-02-23 13:49:44'),(51,98,11,'Aut facere ut exercitationem sed tenetur. Est ut non voluptate ea illum et. Sunt qui ea aperiam ut autem. Quos suscipit a nesciunt pariatur vel et. Quod iure consequatur sequi.',1,0,'2011-09-16 20:34:18','2016-06-02 06:39:40'),(52,8,53,'Iure vero quod consectetur autem delectus optio commodi. Nulla velit fugiat ducimus minus. Provident id necessitatibus pariatur ut est est pariatur.',0,1,'2013-03-23 08:14:22','2014-06-06 05:25:47'),(53,67,95,'Exercitationem suscipit dicta nesciunt molestiae. Qui et impedit doloribus non soluta. Nisi aut minima autem aut.',1,1,'2018-10-03 08:04:48','2020-02-11 08:37:49'),(54,79,87,'Voluptas ut quis blanditiis dolor ea. Ullam ut a quia quo voluptates eum aut blanditiis. Enim aut autem enim non corrupti. Architecto ipsam quia reiciendis nobis porro impedit adipisci et.',1,1,'2017-02-23 04:28:38','2021-02-23 13:49:44'),(55,91,53,'Asperiores vero non laboriosam non non non minus. Ut asperiores rerum sunt molestiae explicabo cumque. Qui amet eligendi quis ipsam in doloribus voluptas temporibus.',0,0,'2013-10-22 11:53:56','2021-02-23 13:49:44'),(56,76,86,'Modi nobis dolor eligendi sapiente nobis. Molestias nam ut consequuntur. Distinctio rerum incidunt quia ut quo fuga tempore.',1,1,'2014-05-28 12:42:02','2019-03-08 06:39:00'),(57,9,47,'Pariatur et sit numquam consequatur repellendus ut minus. Et libero eius voluptatum quo est. Facilis tenetur optio laborum error magnam ea.',1,0,'2019-09-30 10:56:41','2021-02-23 13:49:44'),(58,13,89,'Repellat sit qui voluptas atque aspernatur sed maxime. Iste tempore quia commodi animi. Nulla provident et tempora maiores qui eius.',1,0,'2017-11-04 04:08:30','2021-02-23 13:49:44'),(59,32,41,'Alias sed architecto qui ullam delectus ut odio. Sed et ab quidem vel et. Facere molestiae rem nobis perspiciatis itaque et ea. Unde laudantium veniam amet et aut voluptatem.',1,0,'2012-01-31 14:22:41','2013-12-19 19:48:49'),(60,66,36,'Error dolor et excepturi id ut expedita libero. Voluptatibus quia laboriosam qui enim et qui. Nostrum quod optio ducimus a architecto. Neque sed voluptas quis blanditiis cumque odio.',1,0,'2016-10-28 18:29:09','2021-02-23 13:49:44'),(61,75,90,'In consequuntur atque necessitatibus est tempora voluptatibus illum. Delectus aliquam magni quia velit rem quis. Qui nihil modi culpa quibusdam enim. Officiis voluptatibus sequi labore et nulla ea.',1,0,'2015-10-08 05:02:41','2020-03-30 21:23:23'),(62,24,79,'Nostrum neque beatae aliquid debitis. Maiores commodi dolorum aliquam quia molestiae assumenda rerum. Blanditiis odit asperiores sint voluptas velit ducimus temporibus iste.',0,1,'2016-02-04 18:40:34','2019-03-04 21:02:24'),(63,48,36,'Quo vel sunt voluptatem veniam voluptatem optio harum. Et id reiciendis voluptatum minima et atque vero explicabo. Et molestias officiis rerum ducimus occaecati rerum. Voluptas doloribus velit ullam odit qui omnis labore.',1,0,'2015-04-27 19:03:14','2017-10-14 11:55:47'),(64,87,88,'Reprehenderit iure quaerat dolor ipsam corrupti. Itaque sequi fugit quos doloremque. Eaque quas id animi non qui. Ut dolore dolorem veniam natus.',0,1,'2019-12-19 10:00:00','2021-02-23 13:49:44'),(65,42,97,'Ex ex et animi et dolorem cupiditate. Et laudantium id consequatur voluptates eligendi atque sint corporis. Eveniet neque ducimus nisi id neque. Voluptas commodi adipisci est sapiente nam molestias eos ea.',1,0,'2011-11-11 09:19:47','2021-02-23 13:49:44'),(66,13,39,'Aliquid totam ut consequuntur aut rerum. Quos odio cupiditate vel dicta in voluptatum nam. Facere quo nobis aperiam quibusdam ut. Facere dicta impedit vel illo asperiores. Ad nam perferendis dolorem vitae sed culpa tenetur.',1,1,'2016-05-02 03:56:27','2016-10-27 00:36:38'),(67,8,20,'Est repellat officia optio commodi laborum laborum quia. Porro fugit eligendi illo ut earum nulla molestiae.',0,0,'2014-07-14 10:21:52','2015-03-23 11:17:41'),(68,91,75,'Facere sit et debitis recusandae. Sed est aut sequi dicta libero ut nulla ducimus. Accusantium sunt saepe adipisci culpa. Et ea corporis eius laborum adipisci maxime error sit.',1,1,'2020-04-20 13:00:37','2021-02-04 22:38:11'),(69,15,70,'Asperiores iusto officiis sint ut eum. Rerum ut ad et dolor maxime nisi dolorem est. Sapiente voluptas provident asperiores et quia dicta. Aliquid at iste unde non voluptatem quidem consequatur.',1,1,'2019-06-11 17:07:19','2021-02-23 13:49:44'),(70,61,5,'Porro qui optio corrupti officia molestiae. Error occaecati nostrum qui occaecati. Magnam voluptatibus voluptas dolores architecto. Aut rerum illum vel eos dolores voluptatibus quaerat. Explicabo veritatis qui et.',1,0,'2012-07-31 03:13:25','2019-08-31 23:15:01'),(71,22,36,'Exercitationem quas consectetur dolorem possimus qui. Tempora quis reprehenderit dolor ut voluptatum et corporis. Aut veniam animi magni quod dolores enim non.',0,0,'2020-02-14 13:01:31','2021-02-23 13:49:44'),(72,91,31,'Aut excepturi qui voluptates nam voluptatibus. Inventore distinctio veritatis quo et.',1,0,'2016-08-15 22:34:34','2021-02-23 13:49:44'),(73,82,3,'Dolores rem deleniti delectus quia ut omnis recusandae. Reprehenderit tempore similique et fuga est natus ea ullam. Voluptatibus omnis officia magnam pariatur quibusdam placeat.',0,1,'2014-05-30 13:20:05','2019-01-26 12:06:30'),(74,19,14,'Rem et sapiente laudantium quia nihil provident. Nihil voluptatem vel in qui mollitia. Sit in possimus recusandae. Tenetur saepe ab ipsam deleniti magni.',0,1,'2020-04-07 18:03:50','2021-02-23 13:49:44'),(75,43,85,'Hic ut qui illum commodi nihil dolorem incidunt odit. In sed totam eaque ut ut facilis. Et enim et accusantium aut. Optio alias sit qui autem consequatur aut.',1,0,'2014-09-28 22:20:20','2019-02-25 06:46:26'),(76,49,17,'Qui quis est expedita aut quia sed veritatis. Commodi pariatur harum aut. Voluptatum magni alias ea id. Voluptatem iste vel doloremque qui occaecati aspernatur.',1,0,'2017-03-09 13:15:23','2021-02-23 13:49:44'),(77,74,73,'Unde enim qui itaque quo veniam atque nisi. Maiores mollitia eligendi non atque. Non quos accusantium ipsum hic sit. Voluptatem ipsa eum commodi reiciendis.',1,0,'2012-02-13 07:18:11','2015-12-19 11:10:46'),(78,96,21,'Eos occaecati occaecati debitis praesentium vitae vero impedit. Dolorem velit suscipit possimus sequi. Velit voluptas ut saepe. Aperiam quidem sed qui recusandae corrupti autem ab.',1,0,'2019-08-19 02:04:45','2021-02-23 13:49:44'),(79,8,82,'Laudantium sint nostrum facere aut non nihil. Tenetur praesentium aut excepturi provident incidunt illum. Eligendi et maiores totam consequuntur omnis eligendi iure. Qui ducimus commodi aut laboriosam est perferendis in.',0,1,'2019-05-30 07:43:29','2021-02-23 13:49:44'),(80,9,49,'Quisquam enim dolor eum nam dolores quis. Incidunt fugit quam incidunt et. Nesciunt quas quos nisi quibusdam et nihil vel enim. Omnis accusantium et laboriosam fugit. Debitis earum nisi numquam ut.',1,0,'2012-02-28 16:58:13','2019-07-25 18:53:19'),(81,79,21,'Quae vel impedit et quia at debitis. Atque mollitia unde in ab repellendus voluptatem unde. Sed occaecati voluptas et distinctio.',0,1,'2020-05-10 22:14:39','2021-02-23 13:49:44'),(82,88,86,'Ad sint nihil eum et dolore cum expedita. Incidunt porro corrupti dolorum atque sapiente in soluta. Et aut est autem hic optio necessitatibus dignissimos.',0,0,'2013-01-28 13:31:48','2015-05-30 13:24:45'),(83,41,79,'Ut fugiat beatae voluptatem amet. Quia suscipit animi sit doloribus. Iure consequatur nostrum dolore harum.',0,0,'2019-09-18 22:20:18','2021-02-23 13:49:44'),(84,61,56,'Fugit dolorem ea qui aliquid. Voluptates est recusandae velit accusantium sed numquam animi. Dolorem id illum voluptas ratione nemo fugit facere. Ea ipsa cum nesciunt aut aut alias.',1,0,'2013-07-28 03:16:46','2014-08-08 06:07:56'),(85,49,21,'Explicabo quidem adipisci accusantium amet omnis. Natus autem laborum et ea nihil quasi est omnis. Ducimus minima hic exercitationem veniam. Iusto ex illum est.',1,1,'2015-03-16 20:48:01','2016-05-21 21:44:44'),(86,60,71,'Nisi maxime doloribus in sint minima. Soluta qui dolorem omnis. Quod fugiat et vel natus placeat odio ipsum.',1,1,'2019-12-17 13:58:38','2021-02-23 13:49:44'),(87,57,50,'Similique velit odit quia nam sed dolorum rem accusantium. Enim labore ut blanditiis officia aliquid impedit sunt. Consectetur pariatur assumenda qui repellat sit tenetur distinctio. Vel asperiores consectetur suscipit inventore reiciendis quo impedit et.',0,0,'2020-06-07 15:43:18','2021-02-23 13:49:44'),(88,1,39,'Voluptatem molestiae nesciunt perferendis illo vero suscipit ipsa rem. Alias sint praesentium facere voluptatum qui. Et doloribus minus veniam et.',1,0,'2019-01-08 08:07:06','2020-06-13 11:53:44'),(89,53,20,'Voluptatem aut velit velit non iste magni quas asperiores. Consequatur commodi quas sed sed dolores atque. Et sint ea doloremque facere dolores consequatur placeat.',0,0,'2012-07-06 03:15:57','2013-11-28 07:54:24'),(90,52,96,'Voluptatum molestiae vel omnis error sapiente eum omnis nostrum. Nulla laboriosam quis velit aut.',0,1,'2014-05-31 08:38:31','2019-06-10 03:49:39'),(91,4,1,'Expedita voluptas omnis odit doloribus odio modi. Iusto quos saepe excepturi dignissimos necessitatibus et. Sed dolorem pariatur numquam ullam fugiat nulla et.',0,1,'2012-02-16 22:27:52','2015-11-23 00:48:09'),(92,12,78,'Dignissimos ut sequi assumenda quis eveniet aliquid. Nisi et laboriosam reprehenderit ipsam error voluptatem quas. Est ut soluta aperiam similique.',1,0,'2016-04-18 06:23:22','2021-02-23 13:49:44'),(93,73,8,'Est labore vero sed illum corporis dolorum. Laborum omnis et omnis. Suscipit voluptatibus et maxime eaque ullam dicta harum.',0,1,'2020-05-07 23:51:06','2021-02-23 13:49:44'),(94,99,80,'Dicta et ducimus aut itaque eligendi quo ad. Id sit quod dolore ut. Sit et quo ipsam veritatis.',0,1,'2013-02-12 22:33:52','2014-01-18 17:11:57'),(95,89,7,'Possimus occaecati iure quidem reprehenderit necessitatibus. Tenetur cupiditate veniam excepturi alias. Beatae dolores accusantium molestiae dignissimos libero. Fugit excepturi neque eaque eos id.',1,0,'2011-10-05 01:58:37','2017-08-01 20:50:06'),(96,29,67,'Sunt eaque facere ea fuga enim animi repellat possimus. Cum laudantium et est aut libero quas quia. Aspernatur est asperiores id vitae ducimus quisquam.',1,0,'2016-01-14 00:16:46','2019-10-02 10:44:22'),(97,28,17,'Quo optio dolorum in animi omnis laborum recusandae. Rerum ipsum commodi qui voluptate dolorum mollitia quia. Earum sequi doloremque qui culpa voluptate impedit.',0,0,'2020-11-18 01:17:50','2021-02-23 13:49:44'),(98,53,69,'Dolorem tenetur ea exercitationem quisquam repellendus quam qui temporibus. Sint corporis in eum aliquam. Dolor et sed iure officiis minima velit.',0,0,'2015-04-25 12:23:09','2016-12-13 13:16:16'),(99,96,13,'Assumenda sit quisquam iste quibusdam ut. Est dolorem iusto consectetur numquam laudantium. Ut rem laboriosam sed fugit quasi.',0,0,'2018-10-25 09:05:03','2021-02-23 13:49:44'),(100,24,44,'Qui quo nesciunt blanditiis debitis provident rerum sed ipsam. Hic et libero atque et modi et consequatur. Deleniti officia et recusandae voluptatum. Ut incidunt fugit illo ratione.',0,1,'2020-11-02 18:04:15','2021-02-23 13:49:44');
/*!40000 ALTER TABLE `messages` ENABLE KEYS */;
UNLOCK TABLES;

--
-- Table structure for table `posts`
--

DROP TABLE IF EXISTS `posts`;
/*!40101 SET @saved_cs_client     = @@character_set_client */;
/*!50503 SET character_set_client = utf8mb4 */;
CREATE TABLE `posts` (
  `id` int unsigned NOT NULL,
  `owner_id` int NOT NULL,
  `from_group` tinyint(1) DEFAULT '0',
  `creator_id` int unsigned NOT NULL,
  `message` text CHARACTER SET utf8mb4 COLLATE utf8mb4_unicode_ci NOT NULL,
  `media_id` int unsigned DEFAULT NULL,
  `friends_only` tinyint(1) DEFAULT '0',
  `close_comments` tinyint(1) NOT NULL,
  `created_at` datetime DEFAULT CURRENT_TIMESTAMP,
  `updated_at` datetime DEFAULT CURRENT_TIMESTAMP ON UPDATE CURRENT_TIMESTAMP,
  PRIMARY KEY (`owner_id`,`id`),
  KEY `posts_creator_id_fk` (`creator_id`),
  KEY `posts_media_id_fk` (`media_id`),
  CONSTRAINT `posts_creator_id_fk` FOREIGN KEY (`creator_id`) REFERENCES `users` (`id`) ON DELETE RESTRICT,
  CONSTRAINT `posts_media_id_fk` FOREIGN KEY (`media_id`) REFERENCES `media` (`id`) ON DELETE SET NULL
) ENGINE=InnoDB DEFAULT CHARSET=utf8mb4 COLLATE=utf8mb4_unicode_ci;
/*!40101 SET character_set_client = @saved_cs_client */;

--
-- Dumping data for table `posts`
--

LOCK TABLES `posts` WRITE;
/*!40000 ALTER TABLE `posts` DISABLE KEYS */;
INSERT INTO `posts` VALUES (794,1,1,84,'I don\'t think,\' Alice went on again:-- \'You may go,\' said the King, and the pool as it could go, and making quite a crowd of little birds and beasts, as well as I was thinking I should understand.',80,1,0,'2017-03-31 20:31:11','2017-08-12 16:34:31'),(306,2,1,43,'King, rubbing his hands; \'so now let the Dormouse shook its head impatiently, and said, \'That\'s right, Five! Always lay the blame on others!\' \'YOU\'D better not talk!\' said Five. \'I heard the King.',83,1,1,'2016-11-13 18:52:14','2021-02-23 14:41:20'),(427,2,1,95,'Gryphon. \'It all came different!\' the Mock Turtle, \'Drive on, old fellow! Don\'t be all day about it!\' and he hurried off. Alice thought over all she could not stand, and she thought it would make.',9,0,0,'2014-03-18 22:38:13','2021-02-23 14:41:20'),(518,2,0,57,'She felt that she had brought herself down to look for her, and said, without even waiting to put it more clearly,\' Alice replied thoughtfully. \'They have their tails fast in their mouths; and the.',48,1,0,'2015-02-03 04:45:17','2018-02-19 01:29:20'),(767,2,1,71,'Duchess asked, with another hedgehog, which seemed to be a LITTLE larger, sir, if you want to get an opportunity of taking it away. She did it at all; however, she waited patiently. \'Once,\' said the.',41,1,0,'2018-07-24 04:13:52','2018-12-28 09:30:24'),(348,3,0,70,'Dormouse say?\' one of the court, she said to herself, \'I wish I could show you our cat Dinah: I think it would be of any one; so, when the White Rabbit, jumping up in great disgust, and walked a.',65,0,0,'2018-02-17 02:26:55','2021-02-23 14:41:20'),(421,3,0,66,'Lobster Quadrille, that she began very cautiously: \'But I don\'t care which happens!\' She ate a little pattering of feet on the bank, with her head!\' Alice glanced rather anxiously at the top of the.',14,0,1,'2019-06-23 14:57:14','2020-07-09 23:14:00'),(574,3,0,4,'Cat. \'I\'d nearly forgotten that I\'ve got to the door. \'Call the first position in dancing.\' Alice said; but was dreadfully puzzled by the end of his head. But at any rate: go and get ready for your.',28,1,1,'2012-02-27 06:29:59','2015-07-18 05:06:08'),(272,4,0,95,'Mouse, who was talking. \'How CAN I have dropped them, I wonder?\' As she said to a farmer, you know, upon the other guinea-pig cheered, and was going to happen next. \'It\'s--it\'s a very short time the.',40,0,0,'2016-05-18 16:19:02','2019-04-12 18:40:53'),(33,5,1,60,'The table was a most extraordinary noise going on within--a constant howling and sneezing, and every now and then; such as, that a moment\'s delay would cost them their lives. All the time it.',73,1,1,'2020-02-14 21:29:22','2021-02-23 14:41:20'),(216,5,0,29,'Mock Turtle drew a long sleep you\'ve had!\' \'Oh, I\'ve had such a curious croquet-ground in her face, and was going on within--a constant howling and sneezing, and every now and then, \'we went to.',89,1,1,'2013-05-28 01:14:14','2013-12-27 22:57:05'),(898,6,1,86,'There was a body to cut it off from: that he had come back again, and we put a white one in by mistake; and if I know is, it would all come wrong, and she hastily dried her eyes immediately met.',76,1,1,'2013-04-24 18:25:32','2015-06-18 11:09:31'),(658,7,0,35,'Hatter grumbled: \'you shouldn\'t have put it more clearly,\' Alice replied thoughtfully. \'They have their tails in their mouths; and the others looked round also, and all must have imitated somebody.',96,0,1,'2016-02-10 01:25:51','2021-02-23 14:41:20'),(86,11,1,93,'How she longed to change the subject. \'Ten hours the first day,\' said the Duchess, the Duchess! Oh! won\'t she be savage if I\'ve been changed several times since then.\' \'What do you like to show you!.',75,1,0,'2019-01-27 12:03:50','2021-02-23 14:41:20'),(806,11,0,90,'WHAT things?\' said the King. The White Rabbit blew three blasts on the trumpet, and then the other, looking uneasily at the Hatter, it woke up again with a cart-horse, and expecting every moment to.',84,1,1,'2019-09-16 16:12:57','2021-02-23 14:41:20'),(886,11,1,65,'Alice, \'it\'ll never do to ask: perhaps I shall be punished for it now, I suppose, by being drowned in my time, but never ONE with such a capital one for catching mice you can\'t swim, can you?\' he.',36,0,0,'2013-07-25 16:04:07','2020-12-10 09:16:26'),(984,13,0,87,'And in she went. Once more she found herself safe in a tone of great curiosity. \'It\'s a pun!\' the King very decidedly, and he went on, \'you throw the--\' \'The lobsters!\' shouted the Gryphon, \'you.',58,1,0,'2020-12-15 14:53:20','2021-02-23 14:41:20'),(768,14,0,34,'She soon got it out again, and did not notice this last remark that had slipped in like herself. \'Would it be murder to leave it behind?\' She said it to half-past one as long as I was going to.',13,0,0,'2015-02-05 11:46:32','2020-04-17 18:28:55'),(365,15,0,92,'Rabbit say, \'A barrowful will do, to begin lessons: you\'d only have to beat time when she was walking hand in hand with Dinah, and saying to herself \'It\'s the thing at all. \'But perhaps he can\'t.',47,1,0,'2015-12-28 04:40:11','2021-02-23 14:41:20'),(765,15,1,12,'I\'ve got to the beginning again?\' Alice ventured to ask. \'Suppose we change the subject. \'Ten hours the first sentence in her hand, and Alice looked round, eager to see its meaning. \'And just as.',27,0,0,'2019-05-16 13:32:39','2021-02-23 14:41:20'),(950,15,1,90,'Alice. One of the window, she suddenly spread out her hand in hand with Dinah, and saying \"Come up again, dear!\" I shall have to turn into a line along the passage into the garden, where Alice could.',82,1,1,'2017-10-19 01:05:47','2021-02-23 14:41:20'),(281,17,1,94,'King. Here one of the fact. \'I keep them to be patted on the floor, as it can talk: at any rate, the Dormouse turned out, and, by the officers of the other side of the garden, and marked, with one.',11,0,1,'2018-06-08 11:26:42','2019-07-02 15:02:12'),(592,18,1,39,'I shall fall right THROUGH the earth! How funny it\'ll seem, sending presents to one\'s own feet! And how odd the directions will look! ALICE\'S RIGHT FOOT, ESQ. HEARTHRUG, NEAR THE FENDER, (WITH.',91,0,0,'2014-12-09 20:33:24','2021-02-23 14:41:20'),(949,19,0,19,'Alice called out in a twinkling! Half-past one, time for dinner!\' (\'I only wish it was,\' he said. (Which he certainly did NOT, being made entirely of cardboard.) \'All right, so far,\' thought Alice,.',34,0,1,'2011-10-24 16:36:25','2020-08-06 17:33:05'),(832,20,1,30,'Alice called out in a low, timid voice, \'If you knew Time as well as I was sent for.\' \'You ought to eat or drink under the sea--\' (\'I haven\'t,\' said Alice)--\'and perhaps you were me?\' \'Well, perhaps.',64,0,0,'2019-12-10 10:55:26','2020-12-30 07:21:00'),(257,21,0,74,'Alice was very hot, she kept tossing the baby violently up and beg for its dinner, and all dripping wet, cross, and uncomfortable. The moment Alice appeared, she was getting very sleepy; \'and they.',57,1,0,'2014-05-20 19:53:17','2021-02-23 14:41:20'),(568,23,0,58,'Lory. Alice replied very politely, \'for I can\'t show it you myself,\' the Mock Turtle interrupted, \'if you only walk long enough.\' Alice felt a violent blow underneath her chin: it had lost.',95,0,0,'2011-11-29 17:09:02','2013-08-17 12:26:49'),(723,23,0,33,'I suppose?\' \'Yes,\' said Alice doubtfully: \'it means--to--make--anything--prettier.\' \'Well, then,\' the Gryphon never learnt it.\' \'Hadn\'t time,\' said the youth, \'and your jaws are too weak For.',42,0,0,'2020-02-26 21:49:30','2021-02-23 14:41:20'),(39,24,0,42,'The Cat only grinned a little bit of mushroom, and crawled away in the same thing as a drawing of a well?\' The Dormouse shook its head down, and was going to remark myself.\' \'Have you guessed the.',15,1,0,'2017-01-03 13:52:17','2021-02-23 14:41:20'),(95,24,1,68,'Alice thoughtfully: \'but then--I shouldn\'t be hungry for it, you know--\' (pointing with his knuckles. It was so much at this, that she knew that were of the suppressed guinea-pigs, filled the air,.',11,0,0,'2018-05-03 09:00:09','2021-02-23 14:41:20'),(723,26,1,43,'Where CAN I have none, Why, I haven\'t been invited yet.\' \'You\'ll see me there,\' said the Gryphon, and the pair of white kid gloves and a Dodo, a Lory and an old woman--but then--always to have it.',55,1,0,'2013-03-26 13:41:40','2021-02-23 14:41:20'),(846,27,1,72,'There was not a mile high,\' said Alice. \'Anything you like,\' said the Caterpillar. \'Is that the Gryphon only answered \'Come on!\' and ran the faster, while more and more sounds of broken glass, from.',62,1,0,'2016-09-27 18:30:07','2021-02-23 14:41:20'),(81,29,0,46,'Alice cautiously replied, not feeling at all comfortable, and it put the Lizard in head downwards, and the White Rabbit, trotting slowly back again, and went on again:-- \'I didn\'t mean it!\' pleaded.',84,1,1,'2012-10-19 12:44:37','2016-04-07 12:27:59'),(160,29,0,39,'White Rabbit interrupted: \'UNimportant, your Majesty means, of course,\' he said to a shriek, \'and just as I\'d taken the highest tree in the world you fly, Like a tea-tray in the house down!\' said.',78,0,1,'2021-01-30 19:00:00','2021-02-23 14:41:20'),(555,31,1,59,'HIS time of life. The King\'s argument was, that anything that had fallen into a cucumber-frame, or something of the bottle was a dead silence. Alice was soon left alone. \'I wish I hadn\'t mentioned.',70,1,0,'2017-01-14 04:37:57','2021-02-23 14:41:20'),(408,33,1,85,'Queen. \'Can you play croquet with the lobsters and the pool as it is.\' \'I quite agree with you,\' said the King. \'Then it doesn\'t matter much,\' thought Alice, \'to pretend to be two people. \'But it\'s.',1,0,1,'2014-03-09 03:07:21','2021-02-23 14:41:20'),(660,34,0,2,'Alice remarked. \'Oh, you foolish Alice!\' she answered herself. \'How can you learn lessons in the long hall, and wander about among those beds of bright flowers and the other side. The further off.',34,1,1,'2016-11-26 06:01:46','2021-02-23 14:41:20'),(813,34,1,50,'Footman remarked, \'till tomorrow--\' At this moment Five, who had been for some while in silence. At last the Dodo solemnly presented the thimble, saying \'We beg your pardon!\' cried Alice in a.',46,0,0,'2014-08-05 07:35:03','2017-03-15 02:11:05'),(450,35,1,61,'English,\' thought Alice; but she thought it had entirely disappeared; so the King and the little golden key in the distance. \'And yet what a Mock Turtle would be worth the trouble of getting up and.',81,0,0,'2013-07-26 03:09:39','2020-10-22 07:10:39'),(619,35,0,26,'I look like one, but it did not seem to come out among the bright eager eyes were getting so thin--and the twinkling of the officers of the accident, all except the King, \'that saves a world of.',72,0,0,'2017-06-17 17:32:01','2017-07-10 15:20:22'),(41,37,0,29,'However, at last came a rumbling of little Alice herself, and nibbled a little nervous about it while the Mouse was bristling all over, and she walked on in a deep, hollow tone: \'sit down, both of.',42,0,1,'2018-01-04 23:58:32','2021-02-23 14:41:20'),(760,37,0,22,'Mock Turtle said with a shiver. \'I beg your acceptance of this rope--Will the roof off.\' After a time there were three gardeners who were giving it a violent blow underneath her chin: it had gone..',26,1,1,'2013-11-22 11:57:32','2021-02-23 14:41:20'),(152,39,1,76,'Alice recognised the White Rabbit cried out, \'Silence in the air. She did not get dry very soon. \'Ahem!\' said the Cat; and this was the White Rabbit cried out, \'Silence in the world you fly, Like a.',69,1,1,'2019-01-23 05:24:03','2021-02-23 14:41:20'),(395,40,1,75,'Time!\' \'Perhaps not,\' Alice cautiously replied: \'but I haven\'t had a little feeble, squeaking voice, (\'That\'s Bill,\' thought Alice,) \'Well, I can\'t tell you what year it is?\' \'Of course it is,\' said.',82,1,0,'2013-04-19 19:33:33','2020-06-18 11:13:02'),(394,42,1,97,'Was kindly permitted to pocket the spoon: While the Panther received knife and fork with a trumpet in one hand and a large mustard-mine near here. And the muscular strength, which it gave to my.',6,1,0,'2020-09-05 04:06:55','2021-02-23 14:41:20'),(728,42,1,49,'King. \'Then it wasn\'t very civil of you to leave it behind?\' She said the Mouse to tell me who YOU are, first.\' \'Why?\' said the Hatter. \'I deny it!\' said the Mouse, sharply and very soon had to.',65,0,1,'2011-04-06 13:38:10','2013-08-21 21:50:38'),(115,44,0,88,'TWO little shrieks, and more puzzled, but she ran off as hard as she swam lazily about in all directions, \'just like a mouse, That he met in the beautiful garden, among the party. Some of the other.',15,0,1,'2012-10-10 18:47:34','2017-06-14 19:45:20'),(147,44,1,78,'Pig and Pepper For a minute or two. \'They couldn\'t have wanted it much,\' said Alice; \'I can\'t explain MYSELF, I\'m afraid, but you might knock, and I could let you out, you know.\' He was an.',71,0,1,'2017-06-09 21:35:36','2021-02-23 14:41:20'),(469,44,1,13,'Five. \'I heard the Rabbit just under the hedge. In another minute there was nothing on it except a little of her going, though she knew she had but to get out of sight; and an old Crab took the.',80,0,0,'2014-10-08 16:10:38','2020-12-28 04:36:35'),(733,44,0,60,'The Mouse only shook its head down, and felt quite relieved to see what I should frighten them out of the baby, it was very glad to find her in the sea!\' cried the Mock Turtle. \'Very much indeed,\'.',65,1,0,'2013-02-27 01:42:53','2020-06-01 09:30:34'),(992,45,0,38,'King put on his slate with one finger for the rest were quite dry again, the cook tulip-roots instead of the sort. Next came an angry voice--the Rabbit\'s--\'Pat! Pat! Where are you?\' And then a voice.',79,1,1,'2018-04-25 05:10:54','2021-02-23 14:41:20'),(373,46,1,3,'VERY deeply with a knife, it usually bleeds; and she went on again:-- \'I didn\'t write it, and fortunately was just in time to begin with; and being ordered about by mice and rabbits. I almost think.',24,1,0,'2016-05-03 13:50:54','2019-12-20 15:34:10'),(748,46,0,61,'Mouse to Alice severely. \'What are they doing?\' Alice whispered to the little passage: and THEN--she found herself safe in a large pigeon had flown into her face. \'Very,\' said Alice: \'she\'s so.',6,0,0,'2019-08-31 01:26:25','2021-02-23 14:41:20'),(39,48,1,89,'However, she got used to come out among the branches, and every now and then; such as, that a red-hot poker will burn you if you drink much from a bottle marked \'poison,\' so Alice went on to her.',37,0,0,'2012-09-15 15:53:35','2013-03-01 09:42:11'),(997,51,1,18,'Cheshire cats always grinned; in fact, I didn\'t know that Cheshire cats always grinned; in fact, I didn\'t know it to be two people. \'But it\'s no use denying it. I suppose I ought to be done, I.',60,1,1,'2013-11-13 04:16:08','2019-12-08 00:02:17'),(216,53,1,12,'Alice said; \'there\'s a large ring, with the Lory, as soon as she spoke--fancy CURTSEYING as you\'re falling through the little golden key, and unlocking the door opened inwards, and Alice\'s elbow was.',76,1,1,'2019-01-08 14:04:18','2021-02-23 14:41:20'),(149,55,1,14,'Down, down, down. Would the fall NEVER come to the Classics master, though. He was looking at the proposal. \'Then the Dormouse shall!\' they both cried. \'Wake up, Alice dear!\' said her sister; \'Why,.',30,0,1,'2011-09-17 11:55:59','2013-01-05 16:08:21'),(621,55,1,15,'Caterpillar. This was not even get her head on her spectacles, and began talking to him,\' the Mock Turtle said: \'no wise fish would go anywhere without a great deal of thought, and looked at her.',3,1,0,'2018-05-13 17:43:46','2018-08-25 05:28:52'),(295,56,1,6,'I suppose?\' \'Yes,\' said Alice hastily; \'but I\'m not used to call him Tortoise--\' \'Why did they live at the Hatter, and here the Mock Turtle. So she began nursing her child again, singing a sort of.',14,0,1,'2011-11-12 06:48:47','2020-07-10 17:09:28'),(357,58,1,83,'Duchess, \'chop off her unfortunate guests to execution--once more the shriek of the e--e--evening, Beautiful, beautiful Soup!\' CHAPTER XI. Who Stole the Tarts? The King laid his hand upon her arm,.',70,1,1,'2016-08-17 22:03:07','2021-02-23 14:41:20'),(601,59,1,97,'Alice said to herself, \'in my going out altogether, like a sky-rocket!\' \'So you did, old fellow!\' said the Mock Turtle\'s heavy sobs. Lastly, she pictured to herself \'This is Bill,\' she gave a little.',9,0,0,'2018-10-18 09:35:15','2021-02-23 14:41:20'),(688,59,1,56,'Lobster Quadrille?\' the Gryphon went on, very much at first, perhaps,\' said the Hatter. \'It isn\'t a letter, after all: it\'s a very curious sensation, which puzzled her very much what would happen.',25,1,0,'2018-12-19 18:06:10','2021-02-23 14:41:20'),(910,59,1,68,'Lory and an Eaglet, and several other curious creatures. Alice led the way, and nothing seems to be full of the sort,\' said the Mock Turtle\'s heavy sobs. Lastly, she pictured to herself in a voice.',97,1,1,'2019-10-21 15:45:00','2021-02-23 14:41:20'),(597,61,0,94,'I\'M a Duchess,\' she said these words her foot as far down the chimney close above her: then, saying to herself \'That\'s quite enough--I hope I shan\'t grow any more--As it is, I can\'t put it into his.',86,0,1,'2013-04-29 10:17:50','2016-04-28 10:46:55'),(994,62,1,20,'Canary called out to sea!\" But the snail replied \"Too far, too far!\" and gave a little while, however, she went on, \'that they\'d let Dinah stop in the pool a little snappishly. \'You\'re enough to.',35,1,0,'2014-11-19 09:08:55','2021-02-23 14:41:20'),(308,63,1,11,'Alice! when she noticed that the hedgehog a blow with its eyelids, so he did,\' said the White Rabbit; \'in fact, there\'s nothing written on the trumpet, and called out as loud as she could for.',1,1,0,'2013-11-07 09:41:59','2020-01-28 01:54:55'),(233,64,0,8,'White Rabbit was still in sight, hurrying down it. There could be beheaded, and that in about half no time! Take your choice!\' The Duchess took her choice, and was going a journey, I should like to.',14,0,1,'2020-01-30 20:36:36','2021-02-23 14:41:20'),(675,65,0,50,'Why, I do hope it\'ll make me grow smaller, I suppose.\' So she stood looking at them with large round eyes, and half of them--and it belongs to the croquet-ground. The other guests had taken his.',53,1,1,'2017-04-13 15:03:19','2021-02-23 14:41:20'),(993,65,1,37,'I know?\' said Alice, (she had kept a piece of bread-and-butter in the morning, just time to be told so. \'It\'s really dreadful,\' she muttered to herself, as usual. I wonder who will put on her hand,.',70,1,0,'2012-03-21 12:40:51','2013-05-11 12:12:30'),(344,67,0,22,'Queen, and Alice, were in custody and under sentence of execution.\' \'What for?\' said the Caterpillar. Alice thought to herself. \'Shy, they seem to put the Dormouse sulkily remarked, \'If you didn\'t.',3,1,0,'2020-01-13 23:45:03','2021-02-23 14:41:20'),(857,68,0,19,'Mock Turtle. So she stood watching them, and was surprised to find her in a furious passion, and went on eagerly: \'There is such a wretched height to be.\' \'It is a very truthful child; \'but little.',18,0,0,'2013-10-30 14:30:39','2021-02-23 14:41:20'),(183,69,1,54,'Alice indignantly. \'Ah! then yours wasn\'t a really good school,\' said the Hatter. \'Nor I,\' said the Gryphon went on. \'Would you like the name: however, it only grinned a little startled by seeing.',81,1,0,'2017-04-12 07:13:41','2021-02-23 14:41:20'),(701,69,0,61,'The master was an immense length of neck, which seemed to be listening, so she went on eagerly. \'That\'s enough about lessons,\' the Gryphon never learnt it.\' \'Hadn\'t time,\' said the Gryphon, and all.',2,1,1,'2017-03-04 05:14:41','2020-01-05 21:04:37'),(783,69,0,41,'I beg your pardon!\' cried Alice again, in a Little Bill It was the same side of the jurors had a wink of sleep these three weeks!\' \'I\'m very sorry you\'ve been annoyed,\' said Alice, who had got to.',2,0,0,'2020-07-10 18:16:21','2021-02-23 14:41:20'),(891,69,1,48,'They all made a rush at Alice the moment she felt a very pretty dance,\' said Alice a little timidly, for she thought, \'it\'s sure to kill it in with the Queen, who was sitting on the top of her age.',64,0,0,'2016-03-19 05:49:14','2021-02-23 14:41:20'),(226,70,1,13,'March Hare. \'He denies it,\' said Alice. The poor little thing was snorting like a candle. I wonder if I\'ve kept her waiting!\' Alice felt dreadfully puzzled. The Hatter\'s remark seemed to be true):.',41,1,0,'2016-06-17 07:33:22','2020-04-19 12:09:03'),(677,70,0,14,'I\'m sure _I_ shan\'t be beheaded!\' \'What for?\' said the Cat: \'we\'re all mad here. I\'m mad. You\'re mad.\' \'How do you know about this business?\' the King added in an agony of terror. \'Oh, there goes.',54,0,1,'2016-06-14 14:26:23','2020-05-11 02:32:11'),(451,72,0,81,'I used--and I don\'t care which happens!\' She ate a little way off, and that if something wasn\'t done about it in with a sigh. \'I only took the hookah out of its mouth, and addressed her in such a.',9,0,1,'2015-11-23 02:04:09','2021-02-23 14:41:20'),(695,74,0,78,'Be off, or I\'ll kick you down stairs!\' \'That is not said right,\' said the Mock Turtle. \'And how many hours a day is very confusing.\' \'It isn\'t,\' said the Cat, as soon as look at all for any.',69,0,1,'2011-12-15 07:04:15','2021-02-23 14:41:20'),(468,75,1,79,'And she opened the door and went in. The door led right into it. \'That\'s very important,\' the King say in a dreamy sort of idea that they would call after her: the last concert!\' on which the words.',4,0,1,'2015-03-24 11:19:41','2021-02-23 14:41:20'),(976,75,0,14,'Alice indignantly. \'Let me alone!\' \'Serpent, I say again!\' repeated the Pigeon, but in a confused way, \'Prizes! Prizes!\' Alice had no reason to be almost out of sight, they were gardeners, or.',71,0,1,'2018-01-12 02:05:32','2021-02-23 14:41:20'),(666,81,0,77,'The poor little thing sat down again into its face was quite surprised to find that she remained the same solemn tone, \'For the Duchess. An invitation from the time he was speaking, so that it.',93,0,0,'2012-09-06 08:38:18','2020-06-01 15:23:19'),(911,81,0,66,'Alice to herself. At this moment Alice felt dreadfully puzzled. The Hatter\'s remark seemed to be done, I wonder?\' Alice guessed in a wondering tone. \'Why, what are they doing?\' Alice whispered to.',83,0,0,'2017-09-27 02:00:35','2018-06-16 14:03:07'),(748,83,1,46,'Alice, she went on: \'But why did they draw the treacle from?\' \'You can draw water out of the jury had a consultation about this, and Alice heard it say to this: so she felt a violent shake at the.',90,1,1,'2016-11-13 19:16:55','2017-09-09 12:54:23'),(937,83,1,37,'A little bright-eyed terrier, you know, with oh, such long ringlets, and mine doesn\'t go in ringlets at all; however, she again heard a little nervous about this; \'for it might be hungry, in which.',89,0,1,'2014-01-29 02:51:37','2018-11-30 12:42:02'),(930,84,1,71,'I THINK I can do without lobsters, you know. Please, Ma\'am, is this New Zealand or Australia?\' (and she tried to look for her, and the moment she appeared on the look-out for serpents night and day!.',38,0,1,'2012-04-04 06:38:50','2021-02-23 14:41:20'),(487,86,0,78,'March Hare. \'Exactly so,\' said Alice. \'Then it wasn\'t trouble enough hatching the eggs,\' said the Pigeon; \'but I must have a prize herself, you know,\' said Alice, very much confused, \'I don\'t know.',54,1,0,'2018-11-29 20:38:40','2021-02-23 14:41:20'),(629,87,1,11,'She got up this morning? I almost wish I hadn\'t drunk quite so much!\' Alas! it was only too glad to find herself talking familiarly with them, as if he were trying which word sounded best. Some of.',89,0,1,'2019-08-15 07:52:42','2021-02-23 14:41:20'),(930,87,1,15,'Alice called out to the Cheshire Cat sitting on the same thing,\' said the Queen merely remarking as it happens; and if it likes.\' \'I\'d rather finish my tea,\' said the Dormouse; \'VERY ill.\' Alice.',14,0,1,'2018-03-29 09:13:37','2021-02-23 14:41:20'),(29,88,1,54,'March Hare said in a low, trembling voice. \'There\'s more evidence to come out among the party. Some of the singers in the long hall, and close to her to carry it further. So she went back to the.',77,1,1,'2020-01-31 12:26:11','2021-01-07 15:58:17'),(425,88,1,41,'Queen jumped up on to the Mock Turtle, who looked at Alice, as she could, \'If you do. I\'ll set Dinah at you!\' There was nothing on it (as she had to pinch it to her full size by this time?\' she said.',73,1,1,'2014-04-21 12:32:39','2016-06-13 10:18:33'),(302,90,0,10,'I\'m going to dive in among the trees, a little queer, won\'t you?\' \'Not a bit,\' she thought it would like the look of the other bit. Her chin was pressed hard against it, that attempt proved a.',2,0,1,'2011-05-26 02:16:42','2016-12-29 17:15:42'),(709,90,1,86,'I shan\'t! YOU do it!--That I won\'t, then!--Bill\'s to go from here?\' \'That depends a good deal worse off than before, as the soldiers remaining behind to execute the unfortunate gardeners, who ran to.',8,0,0,'2013-12-25 12:38:59','2021-02-23 14:41:20'),(726,90,0,78,'Mouse, who seemed too much overcome to do this, so that by the way down one side and then keep tight hold of anything, but she thought it would be worth the trouble of getting her hands on her face.',38,1,1,'2018-05-28 23:56:20','2019-02-04 21:05:18'),(375,91,1,63,'Cat. \'--so long as you go to on the bank, and of having the sentence first!\' \'Hold your tongue, Ma!\' said the Queen. \'You make me smaller, I can say.\' This was not an encouraging tone. Alice looked.',79,0,1,'2019-04-22 14:22:54','2021-02-23 14:41:20'),(238,92,0,59,'Alice. \'I\'m glad they don\'t seem to come once a week: HE taught us Drawling, Stretching, and Fainting in Coils.\' \'What was that?\' inquired Alice. \'Reeling and Writhing, of course, to begin lessons:.',21,1,1,'2019-08-12 18:53:51','2021-02-23 14:41:20'),(716,94,0,29,'Knave of Hearts, she made out that the way out of his teacup and bread-and-butter, and then at the sudden change, but very politely: \'Did you speak?\' \'Not I!\' said the Mock Turtle went on, yawning.',34,1,1,'2014-08-11 09:21:35','2021-02-23 14:41:20'),(652,96,0,96,'I can\'t tell you more than three.\' \'Your hair wants cutting,\' said the Dodo suddenly called out \'The race is over!\' and they lived at the stick, running a very decided tone: \'tell her something.',24,1,0,'2015-11-25 23:26:42','2021-02-23 14:41:20'),(311,100,1,23,'Five and Seven said nothing, but looked at the Cat\'s head began fading away the time. Alice had not gone much farther before she found she had to double themselves up and throw us, with the tarts,.',27,1,0,'2017-01-23 07:22:09','2021-02-23 14:41:20'),(427,100,1,16,'So she sat down and began smoking again. This time there could be no use in crying like that!\' said Alice hastily; \'but I\'m not myself, you see.\' \'I don\'t much care where--\' said Alice. \'Why, you.',40,1,1,'2013-09-27 03:34:34','2021-02-23 14:41:20');
/*!40000 ALTER TABLE `posts` ENABLE KEYS */;
UNLOCK TABLES;

--
-- Table structure for table `profiles`
--

DROP TABLE IF EXISTS `profiles`;
/*!40101 SET @saved_cs_client     = @@character_set_client */;
/*!50503 SET character_set_client = utf8mb4 */;
CREATE TABLE `profiles` (
  `user_id` int unsigned NOT NULL,
  `gender` char(1) CHARACTER SET utf8mb4 COLLATE utf8mb4_unicode_ci NOT NULL,
  `birthday` date DEFAULT NULL,
  `photo_id` int unsigned DEFAULT NULL,
  `status_id` int unsigned NOT NULL,
  `country` varchar(130) CHARACTER SET utf8mb4 COLLATE utf8mb4_unicode_ci DEFAULT NULL,
  `created_at` datetime DEFAULT CURRENT_TIMESTAMP,
  `updated_at` datetime DEFAULT CURRENT_TIMESTAMP ON UPDATE CURRENT_TIMESTAMP,
  PRIMARY KEY (`user_id`),
  KEY `profiles_photo_id_fk` (`photo_id`),
  KEY `profiles_status_id_fk` (`status_id`),
  CONSTRAINT `profiles_photo_id_fk` FOREIGN KEY (`photo_id`) REFERENCES `media` (`id`) ON DELETE SET NULL,
  CONSTRAINT `profiles_status_id_fk` FOREIGN KEY (`status_id`) REFERENCES `user_statuses` (`id`) ON DELETE RESTRICT,
  CONSTRAINT `profiles_user_id_fk` FOREIGN KEY (`user_id`) REFERENCES `users` (`id`) ON DELETE CASCADE
) ENGINE=InnoDB DEFAULT CHARSET=utf8mb4 COLLATE=utf8mb4_unicode_ci;
/*!40101 SET character_set_client = @saved_cs_client */;

--
-- Dumping data for table `profiles`
--

LOCK TABLES `profiles` WRITE;
/*!40000 ALTER TABLE `profiles` DISABLE KEYS */;
INSERT INTO `profiles` VALUES (1,'f','1983-06-09',11,1,'Hong Kong','2016-02-22 08:56:41','2021-02-28 17:31:19'),(2,'f','2005-04-22',95,2,'Venezuela','2014-09-04 14:21:54','2021-02-28 17:31:19'),(3,'f','1995-01-17',37,2,'Liechtenstein','2016-10-12 08:30:47','2021-02-28 17:31:19'),(4,'m','1984-09-21',42,2,'Isle of Man','2011-04-09 03:00:40','2021-02-28 17:31:19'),(5,'m','2017-04-07',65,1,'Croatia','2014-10-24 03:20:21','2021-02-28 17:31:19'),(6,'m','1995-08-28',41,1,'Georgia','2019-02-11 13:41:03','2021-02-28 17:31:19'),(7,'m','2009-10-02',9,2,'Brunei Darussalam','2017-01-13 10:33:39','2021-02-28 17:31:19'),(8,'f','1983-10-01',54,2,'New Zealand','2018-08-30 15:06:25','2021-02-28 17:31:19'),(9,'m','1972-04-08',34,1,'Myanmar','2021-02-09 01:50:14','2021-02-28 17:31:19'),(10,'m','1979-04-19',27,1,'China','2013-04-02 21:04:14','2021-02-28 17:31:19'),(11,'m','1998-01-05',14,1,'Angola','2014-01-26 12:40:00','2021-02-28 17:31:19'),(12,'f','1999-09-29',35,1,'Kyrgyz Republic','2017-11-11 07:02:24','2021-02-28 17:31:19'),(13,'f','1983-07-04',27,1,'Palestinian Territory','2019-10-04 16:33:15','2021-02-28 17:31:19'),(14,'f','1972-11-07',58,2,'Timor-Leste','2015-11-23 13:00:11','2021-02-28 17:31:19'),(15,'f','1976-10-03',47,2,'Mayotte','2014-04-16 05:38:13','2021-02-28 17:31:19'),(16,'f','1972-05-17',71,1,'Venezuela','2015-12-16 06:27:03','2021-02-28 17:31:19'),(17,'f','2011-07-14',40,2,'Barbados','2011-03-29 18:05:36','2021-02-28 17:31:19'),(18,'f','1981-10-08',26,2,'Samoa','2011-12-31 17:50:17','2021-02-28 17:31:19'),(19,'m','1999-12-02',36,2,'Guadeloupe','2011-09-23 08:32:39','2021-02-28 17:31:19'),(20,'m','2018-10-20',58,1,'Gibraltar','2013-05-05 02:03:23','2021-02-28 17:31:19'),(21,'f','2006-12-22',96,1,'Kenya','2017-12-19 07:46:24','2021-02-28 17:31:19'),(22,'m','1993-01-30',9,1,'Madagascar','2017-01-07 13:52:51','2021-02-28 17:31:19'),(23,'f','2004-08-15',6,2,'China','2018-11-06 15:52:39','2021-02-28 17:31:19'),(24,'f','2008-04-09',13,1,'Estonia','2013-03-26 12:18:23','2021-02-28 17:31:19'),(25,'m','2010-10-19',34,2,'Lesotho','2017-07-03 19:11:34','2021-02-28 17:20:31'),(26,'f','2006-11-27',47,1,'Bhutan','2014-04-03 03:57:46','2021-02-28 17:31:19'),(27,'f','1985-10-31',58,2,'Cook Islands','2019-12-16 07:59:04','2021-02-28 17:31:19'),(28,'m','1972-10-01',34,2,'Guyana','2012-09-18 04:56:03','2021-02-28 17:31:19'),(29,'m','1993-06-05',54,1,'Moldova','2019-01-02 14:38:51','2021-02-28 17:31:19'),(30,'f','1983-09-02',72,2,'Gibraltar','2015-09-27 08:23:50','2021-02-28 17:31:19'),(31,'m','1981-05-12',53,2,'Czech Republic','2013-02-25 16:18:47','2021-02-28 17:31:19'),(32,'m','2006-03-15',72,1,'Falkland Islands (Malvinas)','2015-04-05 00:34:55','2021-02-28 17:31:19'),(33,'f','1982-10-11',71,1,'Angola','2017-08-16 05:44:09','2021-02-28 17:31:19'),(34,'m','2015-06-19',64,2,'Fiji','2018-08-19 18:11:08','2021-02-28 17:31:19'),(35,'m','2004-07-11',21,2,'Argentina','2020-01-05 18:23:04','2021-02-28 17:31:19'),(36,'f','2006-02-02',28,2,'United States Virgin Islands','2017-08-12 19:11:42','2021-02-28 17:31:19'),(37,'m','1991-07-06',36,1,'Morocco','2011-11-06 18:19:22','2021-02-28 17:31:19'),(38,'f','2014-08-29',2,2,'Monaco','2013-12-04 21:55:12','2021-02-28 17:31:19'),(39,'f','2005-10-03',69,2,'Uganda','2013-08-28 16:49:28','2021-02-28 17:31:19'),(40,'f','1973-09-29',69,1,'Niue','2018-09-01 21:07:39','2021-02-28 17:31:19'),(41,'m','1989-05-05',84,2,'Antarctica (the territory South of 60 deg S)','2019-01-11 21:54:54','2021-02-28 17:31:19'),(42,'f','1989-01-17',82,2,'Antarctica (the territory South of 60 deg S)','2012-04-01 11:29:44','2021-02-28 17:31:19'),(43,'f','1974-05-31',83,1,'Bahamas','2015-09-11 15:50:08','2021-02-28 17:31:19'),(44,'f','2004-08-09',6,1,'Mozambique','2013-03-14 14:13:11','2021-02-28 17:31:19'),(45,'f','2005-10-20',30,1,'Mongolia','2016-09-17 12:22:02','2021-02-28 17:31:19'),(46,'m','1988-12-22',82,2,'Libyan Arab Jamahiriya','2018-09-01 19:27:24','2021-02-28 17:31:19'),(47,'m','2014-04-08',14,2,'New Caledonia','2013-01-01 13:22:16','2021-02-28 17:31:19'),(48,'f','1982-08-16',78,1,'Zimbabwe','2019-03-29 06:26:56','2021-02-28 17:31:19'),(49,'f','1981-12-21',80,1,'Saint Pierre and Miquelon','2012-01-12 00:36:17','2021-02-28 17:31:19'),(50,'m','1978-05-13',89,2,'Niger','2015-06-22 19:52:26','2021-02-28 17:31:19'),(51,'f','1970-12-24',77,1,'Western Sahara','2013-06-19 11:31:43','2021-02-28 17:31:19'),(52,'m','2004-12-31',71,2,'Wallis and Futuna','2014-04-23 00:48:49','2021-02-28 17:31:19'),(53,'f','2002-08-27',42,2,'New Caledonia','2012-07-31 08:14:28','2021-02-28 17:31:19'),(54,'m','1989-11-15',13,2,'Congo','2018-01-26 06:11:04','2021-02-28 17:31:19'),(55,'f','2020-08-15',80,2,'Western Sahara','2017-09-27 00:01:48','2021-02-28 17:31:19'),(56,'f','1987-08-07',84,2,'Vanuatu','2019-03-18 06:47:54','2021-02-28 17:31:19'),(57,'f','1995-03-15',79,2,'Madagascar','2014-08-15 19:21:36','2021-02-28 17:31:19'),(58,'f','1975-10-26',55,1,'Zimbabwe','2016-08-03 02:35:41','2021-02-28 17:31:19'),(59,'m','1985-02-11',14,2,'Western Sahara','2014-11-12 02:53:35','2021-02-28 17:31:19'),(60,'m','2000-10-31',82,2,'Barbados','2015-05-22 19:41:52','2021-02-28 17:31:19'),(61,'m','1983-04-08',73,2,'Austria','2020-06-10 13:04:25','2021-02-28 17:31:19'),(62,'m','2012-07-26',42,2,'Guernsey','2014-11-18 13:40:44','2021-02-28 17:31:19'),(63,'m','1983-03-28',80,1,'Senegal','2013-06-27 08:12:29','2021-02-28 17:31:19'),(64,'f','1974-08-03',27,1,'United States Minor Outlying Islands','2017-11-20 08:01:37','2021-02-28 17:31:19'),(65,'m','1995-01-15',2,1,'Iran','2020-12-31 11:06:05','2021-02-28 17:31:19'),(66,'m','1996-07-23',70,1,'Liechtenstein','2019-07-02 08:47:45','2021-02-28 17:31:19'),(67,'m','1979-10-01',71,2,'Slovakia (Slovak Republic)','2020-05-06 15:13:44','2021-02-28 17:31:19'),(68,'m','1972-11-12',15,2,'Jersey','2016-05-02 04:57:49','2021-02-28 17:31:19'),(69,'f','2013-12-31',34,1,'Libyan Arab Jamahiriya','2013-09-15 14:17:25','2021-02-28 17:31:19'),(70,'f','1974-12-02',95,2,'Angola','2017-07-08 10:09:25','2021-02-28 17:31:19'),(71,'m','1985-12-25',78,1,'Israel','2019-09-21 03:57:05','2021-02-28 17:31:19'),(72,'f','2004-12-09',38,1,'Dominica','2016-03-21 04:53:44','2021-02-28 17:31:19'),(73,'f','1983-01-12',89,1,'Swaziland','2018-04-08 09:53:14','2021-02-28 17:31:19'),(74,'f','1989-08-14',28,1,'Kyrgyz Republic','2018-07-17 13:09:50','2021-02-28 17:31:19'),(75,'m','1980-12-23',27,1,'Saint Barthelemy','2020-02-27 23:28:23','2021-02-28 17:31:19'),(76,'m','1970-03-11',57,1,'Aruba','2018-03-08 11:58:37','2021-02-28 17:31:19'),(77,'m','2003-05-20',55,1,'Bermuda','2017-07-09 15:18:45','2021-02-28 17:31:19'),(78,'f','2008-06-14',65,1,'Dominican Republic','2017-07-02 03:48:48','2021-02-28 17:31:19'),(79,'m','1976-03-02',38,2,'Seychelles','2018-02-05 01:30:38','2021-02-28 17:31:19'),(80,'m','2004-11-23',69,2,'Grenada','2019-07-10 20:05:30','2021-02-28 17:31:19'),(81,'m','1999-11-19',73,1,'Paraguay','2019-04-19 04:37:29','2021-02-28 17:31:19'),(82,'m','2017-01-07',75,1,'Oman','2013-10-18 00:33:13','2021-02-28 17:31:19'),(83,'m','1986-08-22',97,2,'British Indian Ocean Territory (Chagos Archipelago)','2018-08-13 09:15:24','2021-02-28 17:31:19'),(84,'m','1997-06-16',40,1,'Venezuela','2016-03-04 08:34:24','2021-02-28 17:31:19'),(85,'m','2013-07-10',34,2,'Afghanistan','2011-05-24 09:00:41','2021-02-28 17:31:19'),(86,'m','1971-04-28',91,2,'Ethiopia','2017-05-19 15:01:49','2021-02-28 17:31:19'),(87,'f','1970-05-18',34,2,'Suriname','2018-06-18 23:33:35','2021-02-28 17:31:19'),(88,'f','2017-11-24',15,2,'Thailand','2016-11-18 11:14:57','2021-02-28 17:31:19'),(89,'m','2010-01-31',57,1,'Timor-Leste','2019-07-20 11:47:46','2021-02-28 17:31:19'),(90,'f','1977-12-18',27,2,'Austria','2020-01-12 03:29:25','2021-02-28 17:31:19'),(91,'m','2016-02-28',58,1,'Western Sahara','2016-10-15 20:49:01','2021-02-28 17:31:19'),(92,'f','1990-11-12',83,2,'Guyana','2011-02-19 16:32:16','2021-02-28 17:31:19'),(93,'f','1997-01-21',82,1,'Djibouti','2012-05-28 11:04:00','2021-02-28 17:31:19'),(94,'f','1973-07-28',35,1,'Christmas Island','2019-01-26 05:31:49','2021-02-28 17:31:19'),(95,'m','1984-09-30',15,2,'Cyprus','2013-07-23 18:13:23','2021-02-28 17:31:19'),(96,'f','1984-01-18',81,2,'Dominica','2019-06-27 06:30:16','2021-02-28 17:31:19'),(97,'f','2020-01-17',13,2,'Monaco','2020-08-29 06:44:58','2021-02-28 17:31:19'),(98,'m','2005-03-27',89,2,'Lesotho','2018-05-03 20:22:01','2021-02-28 17:31:19'),(99,'m','2006-11-11',34,1,'Netherlands Antilles','2017-08-07 14:35:21','2021-02-28 17:31:19'),(100,'m','2017-12-12',83,2,'Oman','2015-05-23 20:03:13','2021-02-28 17:31:19');
/*!40000 ALTER TABLE `profiles` ENABLE KEYS */;
UNLOCK TABLES;

--
-- Table structure for table `user_statuses`
--

DROP TABLE IF EXISTS `user_statuses`;
/*!40101 SET @saved_cs_client     = @@character_set_client */;
/*!50503 SET character_set_client = utf8mb4 */;
CREATE TABLE `user_statuses` (
  `id` int unsigned NOT NULL AUTO_INCREMENT,
  `name` varchar(100) NOT NULL,
  `created_at` datetime NOT NULL DEFAULT CURRENT_TIMESTAMP,
  `updated_at` datetime DEFAULT CURRENT_TIMESTAMP ON UPDATE CURRENT_TIMESTAMP,
  PRIMARY KEY (`id`)
) ENGINE=InnoDB AUTO_INCREMENT=3 DEFAULT CHARSET=utf8mb4 COLLATE=utf8mb4_0900_ai_ci;
/*!40101 SET character_set_client = @saved_cs_client */;

--
-- Dumping data for table `user_statuses`
--

LOCK TABLES `user_statuses` WRITE;
/*!40000 ALTER TABLE `user_statuses` DISABLE KEYS */;
INSERT INTO `user_statuses` VALUES (1,'single','2021-02-23 13:13:12','2021-02-23 13:13:12'),(2,'married','2021-02-23 13:13:12','2021-02-23 13:13:12');
/*!40000 ALTER TABLE `user_statuses` ENABLE KEYS */;
UNLOCK TABLES;

--
-- Table structure for table `users`
--

DROP TABLE IF EXISTS `users`;
/*!40101 SET @saved_cs_client     = @@character_set_client */;
/*!50503 SET character_set_client = utf8mb4 */;
CREATE TABLE `users` (
  `id` int unsigned NOT NULL AUTO_INCREMENT,
  `first_name` varchar(100) CHARACTER SET utf8mb4 COLLATE utf8mb4_unicode_ci NOT NULL,
  `last_name` varchar(100) CHARACTER SET utf8mb4 COLLATE utf8mb4_unicode_ci NOT NULL,
  `email` varchar(100) CHARACTER SET utf8mb4 COLLATE utf8mb4_unicode_ci NOT NULL,
  `phone` varchar(100) CHARACTER SET utf8mb4 COLLATE utf8mb4_unicode_ci NOT NULL,
  `created_at` datetime DEFAULT CURRENT_TIMESTAMP,
  `updated_at` datetime DEFAULT CURRENT_TIMESTAMP ON UPDATE CURRENT_TIMESTAMP,
  `is_deleted` tinyint(1) DEFAULT '0',
  PRIMARY KEY (`id`),
  UNIQUE KEY `email` (`email`),
  UNIQUE KEY `phone` (`phone`)
) ENGINE=InnoDB AUTO_INCREMENT=101 DEFAULT CHARSET=utf8mb4 COLLATE=utf8mb4_unicode_ci;
/*!40101 SET character_set_client = @saved_cs_client */;

--
-- Dumping data for table `users`
--

LOCK TABLES `users` WRITE;
/*!40000 ALTER TABLE `users` DISABLE KEYS */;
INSERT INTO `users` VALUES (1,'Santina','Bogan','hilll.christina@example.org','+43(6)0146061412','2016-03-22 08:15:25','2017-11-22 22:13:33',0),(2,'Herman','Boyer','shanel82@example.com','(642)530-6061','2014-06-08 20:48:02','2021-02-23 12:43:22',0),(3,'Era','Turcotte','felicia76@example.com','(053)889-9708','2020-08-20 22:48:04','2021-02-23 12:43:22',0),(4,'Kayleigh','Kovacek','wiza.nya@example.com','+97(4)8093740273','2018-09-27 14:23:06','2021-02-23 12:43:22',0),(5,'Jessie','Ledner','wkreiger@example.net','(825)460-6377','2015-11-27 17:27:48','2016-07-16 20:53:20',0),(6,'Natalia','Graham','schroeder.allie@example.com','+29(4)9090428511','2015-04-14 19:53:48','2021-02-23 12:43:22',0),(7,'Ruthe','Dicki','eliezer93@example.net','(385)092-3654x910','2017-07-26 03:35:50','2019-04-24 01:06:40',0),(8,'Al','Ankunding','xjohns@example.net','+66(2)0350130652','2017-01-09 14:42:58','2021-02-23 12:43:22',0),(9,'Roslyn','Wolf','mkiehn@example.net','899-444-0375x120','2011-09-21 17:06:07','2020-12-11 19:34:59',0),(10,'Jules','Feeney','turcotte.oleta@example.net','201-904-6981x547','2015-01-23 12:24:14','2020-09-24 04:53:09',0),(11,'Ally','Rolfson','hayes.stella@example.net','156-193-3416','2018-06-18 22:14:13','2021-02-23 12:43:22',0),(12,'Neal','Stanton','stehr.dejon@example.org','1-367-504-7115x9865','2021-02-09 06:33:06','2021-02-23 12:43:22',0),(13,'Orie','Corwin','stacey.wiza@example.org','313-443-8318x138','2013-11-15 09:52:35','2021-02-23 12:43:22',0),(14,'Emmitt','Moen','schamberger.laury@example.net','880.396.8021x89748','2020-03-27 15:07:30','2021-02-23 12:43:22',0),(15,'Arielle','Ziemann','jonas.rohan@example.net','1-550-995-4649x963','2018-08-28 03:11:38','2021-02-23 12:43:22',0),(16,'Jeffery','Berge','ccorkery@example.org','1-761-626-0268','2020-08-04 01:42:28','2020-11-11 15:01:04',0),(17,'Reva','Renner','casper.erick@example.org','818-891-1003x29062','2017-11-04 21:14:48','2018-08-22 00:25:53',0),(18,'Hosea','Schultz','lyric.feil@example.net','202-737-5173x369','2019-06-21 21:41:21','2021-02-23 12:43:22',0),(19,'Larry','Fadel','gregory.champlin@example.org','(169)087-6806x41649','2015-05-15 04:00:03','2021-02-23 12:43:22',0),(20,'Pink','Lowe','gustave.homenick@example.net','(456)946-6517x89563','2020-04-26 02:52:12','2021-02-23 12:43:22',0),(21,'Victor','Brown','jessyca.denesik@example.org','(002)974-5880x8643','2013-04-10 17:49:28','2015-10-05 16:56:27',0),(22,'Elisabeth','Kemmer','jaida40@example.org','662-091-4394','2015-10-07 23:27:22','2021-02-23 12:43:22',0),(23,'Odessa','Lockman','marvin.okuneva@example.org','202.304.2343x1680','2016-06-19 01:39:41','2021-02-23 12:43:22',0),(24,'Arlo','Wiegand','bogan.everette@example.org','124-831-2651','2019-04-08 12:10:26','2021-02-23 12:43:22',0),(25,'Kelsi','Haley','pfeffer.eino@example.org','609-881-5019x1420','2012-11-21 07:18:54','2018-06-14 16:54:29',0),(26,'Odie','Toy','mayer.kimberly@example.net','833.481.2190x66634','2014-04-15 16:58:41','2021-02-23 12:43:22',0),(27,'Jules','Lind','rhianna.hermiston@example.net','512-169-6179x007','2015-05-10 01:21:08','2020-07-26 08:24:12',0),(28,'Morris','Gutkowski','dayton.simonis@example.org','881-441-3605x967','2020-11-15 10:08:15','2021-02-23 12:43:22',0),(29,'Vinnie','Rohan','eliezer.hilpert@example.org','424-049-9124x3351','2012-02-12 18:22:58','2015-02-07 09:56:28',0),(30,'Kirsten','Robel','lemke.guido@example.org','(420)192-5499','2012-04-14 02:53:56','2021-02-23 12:43:22',0),(31,'Marquis','Romaguera','leopold.huel@example.com','1-252-302-6164','2014-12-23 11:19:46','2020-11-04 20:19:37',0),(32,'Elna','Veum','nbeahan@example.com','528-242-1622','2018-06-13 16:34:27','2019-04-15 13:47:08',0),(33,'Jeanie','Bode','eli46@example.com','114.425.6648x269','2014-03-27 10:01:02','2014-05-22 08:56:45',0),(34,'Lavinia','Marquardt','langosh.rubye@example.com','+82(6)1902566373','2019-01-01 07:06:02','2021-02-23 12:43:22',0),(35,'Domenico','Howell','schultz.cordell@example.org','130.270.8577','2011-02-19 09:52:04','2014-08-31 15:54:42',0),(36,'Jada','Gislason','minerva.o\'hara@example.com','(757)747-1870x1815','2020-03-15 18:30:30','2021-02-23 12:43:22',0),(37,'Jalen','Medhurst','ruby.johns@example.org','09714016065','2014-07-30 15:44:32','2017-09-21 21:50:15',0),(38,'Wilhelmine','Bruen','iwalker@example.org','440-572-3563x9822','2019-05-22 11:33:21','2021-01-17 12:43:25',0),(39,'Jewell','O\'Kon','gmiller@example.org','(562)566-6465x6418','2012-02-02 13:54:06','2015-01-03 04:35:02',0),(40,'Marley','Hudson','constance99@example.org','+21(8)3204049090','2016-09-27 04:07:45','2019-10-02 23:17:11',0),(41,'Adella','VonRueden','wolf.amely@example.org','199.002.6265x9658','2012-09-17 16:38:59','2021-02-23 12:43:22',0),(42,'Paxton','Gusikowski','nick82@example.net','1-453-370-5862x217','2017-12-27 12:18:21','2021-02-23 12:43:22',0),(43,'Kathleen','Armstrong','odessa36@example.org','292.770.8320','2014-03-09 05:12:57','2019-05-09 21:35:23',0),(44,'Leonor','O\'Keefe','constance90@example.com','250.929.0821x988','2013-09-14 18:00:47','2013-12-15 07:58:06',0),(45,'Rosemary','Fadel','jkohler@example.com','492-735-8200x648','2015-05-09 06:08:21','2021-02-23 12:43:22',0),(46,'Libbie','Tromp','wava59@example.net','834.808.0125x587','2013-08-30 09:22:15','2021-02-23 12:43:22',0),(47,'Torrey','Schamberger','colin69@example.com','(524)954-5264','2020-05-28 05:16:38','2021-02-23 12:43:22',0),(48,'Linwood','Heller','srunolfsson@example.net','07425570915','2011-11-18 00:11:31','2014-03-09 20:25:18',0),(49,'Joey','Mohr','roob.pearlie@example.org','(364)461-3025x69970','2019-08-22 03:25:24','2021-02-23 12:43:22',0),(50,'Melyssa','Ratke','edibbert@example.org','295-290-4721','2014-10-26 06:41:37','2016-05-26 20:48:30',0),(51,'Ryleigh','Douglas','bailey.katheryn@example.net','985-905-8450x2389','2017-10-17 12:21:39','2021-02-23 12:43:22',0),(52,'Giovanny','Murazik','maurine30@example.org','05438925594','2013-09-16 18:00:44','2019-02-16 02:51:41',0),(53,'Earl','Russel','cschmidt@example.org','(381)322-9637','2019-12-28 22:42:40','2021-02-23 12:43:22',0),(54,'Amir','Walter','verna.kutch@example.org','430.701.7696x0899','2019-12-24 01:01:33','2021-02-23 12:43:22',0),(55,'Nick','Kuhlman','maxine.lesch@example.com','113.825.3563','2016-04-05 17:37:26','2017-12-18 21:13:24',0),(56,'Michael','Kohler','bschultz@example.com','(831)881-0292x504','2012-02-11 01:55:22','2016-10-30 16:12:58',0),(57,'Shayne','Reilly','fcasper@example.com','+07(2)0206891268','2011-10-30 06:29:22','2011-11-11 03:33:42',0),(58,'Jared','Gusikowski','qkreiger@example.net','742-427-3011x133','2013-11-01 17:37:20','2019-04-07 03:51:12',0),(59,'Burley','Kutch','haley.anahi@example.net','1-741-335-0912x0517','2012-12-13 09:37:46','2018-04-28 22:12:10',0),(60,'Carey','Fay','ghegmann@example.net','1-858-167-7322','2019-05-16 06:21:27','2020-10-28 06:55:47',0),(61,'Nettie','Casper','noe.mayert@example.com','(062)308-0374x228','2011-07-19 04:19:42','2016-11-12 11:31:58',0),(62,'Kenny','Braun','kohler.joey@example.com','(643)874-2109x54022','2014-04-07 14:26:14','2021-02-23 12:43:22',0),(63,'Sadie','O\'Conner','emmerich.mauricio@example.net','(608)733-5987','2016-05-14 09:49:02','2016-08-25 11:19:43',0),(64,'Elias','Nitzsche','bergstrom.eddie@example.com','07910631509','2016-07-17 08:25:00','2018-04-10 05:21:25',0),(65,'Catalina','Hartmann','kaylie27@example.org','(224)854-6404x5372','2015-04-02 12:01:11','2021-02-23 12:43:22',0),(66,'Shanelle','Hahn','emmie.ward@example.org','(317)437-5234','2014-06-13 15:28:33','2021-02-23 12:43:22',0),(67,'Jarrod','Rau','murl05@example.org','1-499-773-4730','2019-08-24 13:14:57','2021-02-23 12:43:22',0),(68,'Neha','Schulist','corn@example.org','00241354966','2020-02-13 22:11:07','2021-02-23 12:43:22',0),(69,'Adelle','Corwin','norberto17@example.org','1-940-903-1245','2015-03-02 03:28:50','2020-07-20 13:09:40',0),(70,'Jimmy','Leannon','caleigh.ward@example.org','884.240.0940','2015-06-23 11:34:23','2021-02-23 12:43:22',0),(71,'Sallie','Heathcote','abernathy.eve@example.net','677.785.9487','2018-05-18 15:23:38','2021-02-23 12:43:22',0),(72,'Leilani','Bartell','luettgen.brody@example.com','720-393-7468x60446','2013-07-16 16:46:39','2021-02-23 12:43:22',0),(73,'Polly','Borer','judy09@example.com','1-954-510-0480x4578','2018-10-15 10:35:36','2021-02-23 12:43:22',0),(74,'Roma','Erdman','florian.kozey@example.org','923-624-3011','2018-09-10 13:01:28','2021-02-23 12:43:22',0),(75,'Destini','Weissnat','fritz.conroy@example.net','(870)993-0219x732','2011-03-24 02:39:21','2020-07-10 23:51:42',0),(76,'Kale','Boyer','johnson.fermin@example.net','(088)805-1638x780','2018-03-02 16:01:18','2020-12-30 03:28:32',0),(77,'Jena','Satterfield','margarete97@example.net','(549)478-6348x91607','2011-09-12 12:32:30','2017-10-25 15:47:59',0),(78,'Allene','Botsford','caleb37@example.com','1-523-473-3482','2020-07-01 23:59:59','2021-02-23 12:43:22',0),(79,'Brandi','Borer','mrogahn@example.com','1-526-040-5268x31960','2011-08-18 18:55:03','2018-11-01 23:18:50',0),(80,'Xavier','Jaskolski','heathcote.myrtle@example.com','(200)916-1799','2012-06-07 23:15:14','2013-08-11 00:26:37',0),(81,'Marge','Hammes','nwalter@example.org','491.486.5675x6202','2020-04-30 20:09:04','2021-02-23 12:43:22',0),(82,'Darrin','Windler','wfritsch@example.org','09202038897','2013-06-07 21:15:52','2021-02-23 12:43:22',0),(83,'Tessie','Cartwright','dallas08@example.com','(386)781-6381x76210','2014-03-11 14:09:45','2021-02-23 12:43:22',0),(84,'Hazle','Wolff','metz.rubye@example.org','1-420-529-0875','2011-03-22 03:46:13','2019-04-06 10:39:52',0),(85,'Gaston','Howell','ejerde@example.net','828.729.1758','2015-06-13 11:45:52','2020-05-08 05:27:04',0),(86,'Aurelie','Schimmel','edythe.rohan@example.com','00944645267','2012-04-15 21:36:37','2014-03-01 00:44:13',0),(87,'Rodrick','Koss','nhilpert@example.org','154.025.8669','2012-01-07 07:13:00','2018-10-18 09:11:48',0),(88,'Jake','Kling','brent65@example.org','674.439.5021','2011-05-30 04:31:54','2013-08-28 22:07:37',0),(89,'Lilly','Crona','cbogan@example.net','(537)382-3098','2018-10-29 16:09:15','2021-02-23 12:43:22',0),(90,'Jarvis','Kerluke','mathew.reinger@example.com','08000409713','2013-02-10 05:52:54','2014-11-13 15:47:47',0),(91,'Heber','Bergstrom','collins.lonie@example.net','850.604.1200x3133','2011-07-13 02:15:20','2019-04-30 03:51:45',0),(92,'Noemi','Prosacco','hayes.winnifred@example.net','03271812284','2014-03-12 04:41:38','2014-03-20 23:16:49',0),(93,'Destin','Nolan','zakary30@example.org','1-272-078-2931x6536','2017-07-02 11:53:57','2017-08-03 16:50:54',0),(94,'Otis','Herman','estell.stokes@example.net','(315)669-0043','2017-02-22 08:48:46','2021-02-23 12:43:22',0),(95,'Magali','Wisoky','uriah.gleichner@example.org','480.201.9728x5091','2012-11-11 10:20:20','2017-09-20 01:34:10',0),(96,'Russell','Pfannerstill','raymundo46@example.org','+44(0)4013268126','2020-08-12 07:10:15','2021-02-23 12:43:22',0),(97,'Hilma','Cormier','evan26@example.net','1-927-882-1373x233','2020-01-07 02:08:57','2021-02-23 12:43:22',0),(98,'Vincenza','McLaughlin','bulah14@example.org','845.654.0832x30815','2017-01-05 02:51:30','2021-02-23 12:43:22',0),(99,'Shayne','Cassin','walton23@example.com','170-630-1210x411','2018-04-29 10:15:31','2021-02-23 12:43:22',0),(100,'Aniyah','Hane','russel.loyce@example.net','08777734257','2011-11-20 14:39:53','2020-02-12 15:36:03',0);
/*!40000 ALTER TABLE `users` ENABLE KEYS */;
UNLOCK TABLES;
/*!40103 SET TIME_ZONE=@OLD_TIME_ZONE */;

/*!40101 SET SQL_MODE=@OLD_SQL_MODE */;
/*!40014 SET FOREIGN_KEY_CHECKS=@OLD_FOREIGN_KEY_CHECKS */;
/*!40014 SET UNIQUE_CHECKS=@OLD_UNIQUE_CHECKS */;
/*!40101 SET CHARACTER_SET_CLIENT=@OLD_CHARACTER_SET_CLIENT */;
/*!40101 SET CHARACTER_SET_RESULTS=@OLD_CHARACTER_SET_RESULTS */;
/*!40101 SET COLLATION_CONNECTION=@OLD_COLLATION_CONNECTION */;
/*!40111 SET SQL_NOTES=@OLD_SQL_NOTES */;

-- Dump completed on 2021-02-28 22:46:41